-- phpMyAdmin SQL Dump
-- version 4.8.5
-- https://www.phpmyadmin.net/
--
-- Host: 127.0.0.1:3306
-- Generation Time: Oct 16, 2020 at 08:45 AM
-- Server version: 5.7.26
-- PHP Version: 5.6.40

SET SQL_MODE = "NO_AUTO_VALUE_ON_ZERO";
SET AUTOCOMMIT = 0;
START TRANSACTION;
SET time_zone = "+00:00";


/*!40101 SET @OLD_CHARACTER_SET_CLIENT=@@CHARACTER_SET_CLIENT */;
/*!40101 SET @OLD_CHARACTER_SET_RESULTS=@@CHARACTER_SET_RESULTS */;
/*!40101 SET @OLD_COLLATION_CONNECTION=@@COLLATION_CONNECTION */;
/*!40101 SET NAMES utf8mb4 */;

--
-- Database: `gentleman`
--

-- --------------------------------------------------------

--
-- Table structure for table `operation`
--

DROP TABLE IF EXISTS `operation`;
CREATE TABLE IF NOT EXISTS `operation` (
  `id` int(11) NOT NULL AUTO_INCREMENT,
  `operation` varchar(50) NOT NULL,
  PRIMARY KEY (`id`)
) ENGINE=InnoDB AUTO_INCREMENT=6 DEFAULT CHARSET=latin1;

--
-- Dumping data for table `operation`
--

INSERT INTO `operation` (`id`, `operation`) VALUES
(1, 'Designation'),
(2, 'User'),
(3, 'Vendor'),
(4, 'Branch'),
(5, 'Category');

-- --------------------------------------------------------

--
-- Table structure for table `operation_status`
--

DROP TABLE IF EXISTS `operation_status`;
CREATE TABLE IF NOT EXISTS `operation_status` (
  `id` int(11) NOT NULL AUTO_INCREMENT,
  `user_id` int(11) NOT NULL,
  `operation` varchar(100) NOT NULL,
  `to_whom` int(11) NOT NULL,
  `date` date NOT NULL,
  `operation_id` int(11) NOT NULL,
  PRIMARY KEY (`id`)
) ENGINE=InnoDB AUTO_INCREMENT=33 DEFAULT CHARSET=latin1;

--
-- Dumping data for table `operation_status`
--

INSERT INTO `operation_status` (`id`, `user_id`, `operation`, `to_whom`, `date`, `operation_id`) VALUES
(1, 1, 'Added', 35, '2020-10-15', 1),
(2, 1, 'Modified', 35, '2020-10-15', 1),
(3, 1, 'Deleted', 35, '2020-10-15', 1),
(4, 1, 'Added', 164, '2020-10-15', 2),
(5, 1, 'Added', 5, '2020-10-15', 3),
(6, 1, 'Modified', 5, '2020-10-15', 3),
(7, 1, 'Modified', 5, '2020-10-15', 3),
(8, 1, 'Deleted', 5, '2020-10-15', 3),
(9, 1, 'Added', 11, '2020-10-15', 4),
(10, 1, 'Modified', 11, '2020-10-15', 4),
(11, 1, 'Deleted', 11, '2020-10-15', 4),
(12, 1, 'Modified', 4, '2020-10-15', 3),
(13, 1, 'Added', 3, '2020-10-15', 5),
(14, 1, 'Modified', 3, '2020-10-15', 5),
(15, 1, 'Added', 4, '2020-10-16', 6),
(16, 1, 'Added', 5, '2020-10-16', 6),
(17, 1, 'Added', 6, '2020-10-16', 6),
(18, 1, 'Added', 7, '2020-10-16', 6),
(19, 1, 'Mail Updated', 1, '2020-10-16', 7),
(20, 1, 'Mail Updated', 1, '2020-10-16', 7),
(21, 1, 'Usertype Changed', 163, '2020-10-16', 2),
(22, 1, 'Usertype Changed', 163, '2020-10-16', 2),
(23, 1, 'Usertype Changed', 162, '2020-10-16', 2),
(24, 1, 'Usertype Changed', 163, '2020-10-16', 2),
(25, 1, 'Usertype Changed', 163, '2020-10-16', 2),
(26, 1, 'Usertype Changed', 163, '2020-10-16', 2),
(27, 1, 'Modified', 164, '2020-10-16', 2),
(28, 1, 'Usertype Changed', 163, '2020-10-16', 2),
(29, 1, 'Usertype Changed', 163, '2020-10-16', 2),
(30, 1, 'Usertype Changed', 163, '2020-10-16', 2),
(31, 1, 'Usertype Changed', 163, '2020-10-16', 2),
(32, 1, 'Deleted', 163, '2020-10-16', 3);

-- --------------------------------------------------------

--
-- Table structure for table `tbl_apurchase`
--

DROP TABLE IF EXISTS `tbl_apurchase`;
CREATE TABLE IF NOT EXISTS `tbl_apurchase` (
  `pr_id` int(11) NOT NULL AUTO_INCREMENT,
  `ref_number` varchar(50) NOT NULL,
  `invoice_no` varchar(20) NOT NULL,
  `item_id_fk` int(11) NOT NULL,
  `branch_id_fk` int(11) NOT NULL,
  `item_name` varchar(20) NOT NULL,
  `item_quantity` int(20) NOT NULL,
  `item_price` int(11) NOT NULL,
  `item_date` date NOT NULL,
  `taxamount` int(11) NOT NULL,
  `item_total` int(11) NOT NULL,
  `grand_total` int(11) NOT NULL,
  `cc` int(11) NOT NULL,
  `brm` int(11) NOT NULL,
  `cm` int(11) NOT NULL,
  `fm` int(11) NOT NULL,
  `agm` int(11) NOT NULL,
  `pm` int(11) NOT NULL,
  `delivery` int(11) NOT NULL,
  `finaldelivery` int(11) NOT NULL,
  `reject` int(11) NOT NULL,
  `remark` varchar(20) NOT NULL,
  `order_file` varchar(100) NOT NULL,
  `vendor_id_fk` int(11) NOT NULL,
  `pr_status` int(11) NOT NULL,
  PRIMARY KEY (`pr_id`)
) ENGINE=MyISAM DEFAULT CHARSET=latin1;

-- --------------------------------------------------------

--
-- Table structure for table `tbl_branch`
--

DROP TABLE IF EXISTS `tbl_branch`;
CREATE TABLE IF NOT EXISTS `tbl_branch` (
  `branch_id` int(11) NOT NULL AUTO_INCREMENT,
  `br_id` varchar(20) NOT NULL,
  `branch_name` varchar(255) NOT NULL,
  `branch_address` text NOT NULL,
  `branch_phone` bigint(20) NOT NULL,
  `branch_email` varchar(50) NOT NULL,
  `branch_type` int(11) NOT NULL,
  `is_head` int(11) NOT NULL,
  `is_active` int(11) NOT NULL,
  `branch_status` int(11) NOT NULL,
  PRIMARY KEY (`branch_id`)
) ENGINE=InnoDB AUTO_INCREMENT=12 DEFAULT CHARSET=latin1;

--
-- Dumping data for table `tbl_branch`
--

INSERT INTO `tbl_branch` (`branch_id`, `br_id`, `branch_name`, `branch_address`, `branch_phone`, `branch_email`, `branch_type`, `is_head`, `is_active`, `branch_status`) VALUES
(1, '01', 'THALAYOLAPARAMBU', 'Anand Bazar\r\nThalayolaparambu', 4829236709, 'info@gentlemanchits.com', 5, 1, 1, 1),
(2, '02', 'CHERTHALA', 'South of Devi Temple, \r\nOpp. Union Bank, A C Road,\r\nCherthala', 4782821390, 'info@gentlemanchits.com', 5, 0, 1, 1),
(3, '03', 'ERNAKULAM', 'Chammany Complex, IInd Floor\r\nKaloor-Kathrikadavu Road\r\nKochi', 4842341790, 'info@gentlemanchits.com', 5, 0, 1, 1),
(4, '04', 'TRIPUNITHURA', 'A J Tower\r\nThekkumbhagam, Thrippunithura', 4842784515, 'info@gentlemanchits.com', 5, 0, 1, 1),
(5, '05', 'ALAPPUZHA', '2nd floor, REVIS HEIGHTS, \r\nMULLACKAL,\r\nALAPPUZHA', 4772238020, 'info@gentlemanchits.com', 5, 0, 1, 1),
(6, '06', 'HARIPAD', '1st floor, S.N.D.P UNION BUILDING,\r\nHARIPAD', 4792414533, 'info@gentlemanchits.com', 5, 0, 1, 1),
(7, '07', 'ERAMALLOOR', 'IInd floor, ESS VEES SHOPPING BUILDING COMPLEX, ERAMALLOOR', 4782879750, 'info@gentlemanchits.com', 5, 0, 1, 1),
(8, '08', 'ETTUMANOOR', 'Rani Villa Complex building, 1st Floor\r\nRAbove SBI bank, M.C Road\r\nEttumanoor', 4812538955, 'info@gentlemanchits.com', 5, 0, 1, 1),
(9, '09', 'KAYAMKULAM', 'Third Floor, Mariyamman Kovil Shopping Building\r\nPark Junction\r\nKayamkulam', 9072334999, 'info@gentlemanchits.com', 5, 0, 1, 1),
(10, '10', 'MAVELIKKARA', 'Gomadattu complex , 1st floor\r\nOpposite Private Stand, Above SBI\r\nMavelikara', 9072395999, 'info@gentlemanchits.com', 5, 0, 1, 1),
(11, '12', 'asfa', 'safdsaas', 36355233, 'fasdf@gmail.com', 2, 0, 1, 0);

-- --------------------------------------------------------

--
-- Table structure for table `tbl_branchrequest_approval`
--

DROP TABLE IF EXISTS `tbl_branchrequest_approval`;
CREATE TABLE IF NOT EXISTS `tbl_branchrequest_approval` (
  `approve_id` int(11) NOT NULL AUTO_INCREMENT,
  `issue_id_fk` int(11) NOT NULL,
  `su_id_fk` int(11) NOT NULL,
  `designation` int(11) NOT NULL,
  `is_approved` int(11) NOT NULL,
  `reject` int(11) NOT NULL,
  PRIMARY KEY (`approve_id`)
) ENGINE=MyISAM DEFAULT CHARSET=latin1;

-- --------------------------------------------------------

--
-- Table structure for table `tbl_branch_stock`
--

DROP TABLE IF EXISTS `tbl_branch_stock`;
CREATE TABLE IF NOT EXISTS `tbl_branch_stock` (
  `issue_id` int(11) NOT NULL AUTO_INCREMENT,
  `shop_id_fk` int(11) NOT NULL,
  `item_id_fk` int(11) NOT NULL,
  `item_quantity` bigint(11) NOT NULL,
  `used_quantity` int(11) NOT NULL,
  `updated_date` date NOT NULL,
  `com` int(11) NOT NULL,
  `agm` int(11) NOT NULL,
  `delivery` int(11) NOT NULL,
  `reject` int(11) NOT NULL,
  PRIMARY KEY (`issue_id`)
) ENGINE=MyISAM DEFAULT CHARSET=latin1;

-- --------------------------------------------------------

--
-- Table structure for table `tbl_branch_to_branch`
--

DROP TABLE IF EXISTS `tbl_branch_to_branch`;
CREATE TABLE IF NOT EXISTS `tbl_branch_to_branch` (
  `id` int(11) NOT NULL AUTO_INCREMENT,
  `from_branch_id_fk` int(11) NOT NULL,
  `to_branch_id_fk` int(11) NOT NULL,
  `item_id_fk` int(11) NOT NULL,
  `item_quantity` bigint(10) NOT NULL,
  `date` date NOT NULL,
  `status` int(11) NOT NULL,
  PRIMARY KEY (`id`)
) ENGINE=MyISAM DEFAULT CHARSET=latin1;

-- --------------------------------------------------------

--
-- Table structure for table `tbl_category`
--

DROP TABLE IF EXISTS `tbl_category`;
CREATE TABLE IF NOT EXISTS `tbl_category` (
  `category_id` int(11) NOT NULL AUTO_INCREMENT,
  `category_name` varchar(50) NOT NULL,
  `category_dscription` text NOT NULL,
  `category_status` int(11) NOT NULL,
  PRIMARY KEY (`category_id`)
) ENGINE=InnoDB AUTO_INCREMENT=4 DEFAULT CHARSET=latin1;

--
-- Dumping data for table `tbl_category`
--

INSERT INTO `tbl_category` (`category_id`, `category_name`, `category_dscription`, `category_status`) VALUES
(1, 'STATIONERY ', '', 1),
(2, 'PRINTING', '', 1),
(3, 'bbnfj', 'dasfdsGa', 1);

-- --------------------------------------------------------

--
-- Table structure for table `tbl_designation`
--

DROP TABLE IF EXISTS `tbl_designation`;
CREATE TABLE IF NOT EXISTS `tbl_designation` (
  `desig_id` int(11) NOT NULL AUTO_INCREMENT,
  `designation` varchar(50) NOT NULL,
  `description` text NOT NULL,
  `desig_status` int(11) NOT NULL,
  PRIMARY KEY (`desig_id`)
) ENGINE=InnoDB AUTO_INCREMENT=36 DEFAULT CHARSET=latin1;

--
-- Dumping data for table `tbl_designation`
--

INSERT INTO `tbl_designation` (`desig_id`, `designation`, `description`, `desig_status`) VALUES
(1, 'AGM', '', 1),
(2, 'COM', '', 1),
(3, 'BRM', '', 1),
(4, 'FM', '', 1),
(5, 'PM', '', 1),
(6, 'CC', '', 1),
(8, 'MD', 'Managing director', 1),
(9, 'IT', 'Information Technology', 1),
(10, 'ABM', 'Assistant Business Manager', 1),
(11, 'BM', 'Business Manager', 1),
(12, 'Recovery Executive', 'Recovery Executive', 1),
(13, 'Recovery Manager', 'Recovery Manager', 1),
(14, 'Registration', 'Registration sec', 1),
(15, 'Payment', 'Payment sec.', 1),
(16, 'Accounts', 'Accounts', 1),
(17, 'CBM', 'Cluster Business Manager', 1),
(18, 'EA', 'MD Executive Assistant', 1),
(19, 'HR', 'HR', 1),
(20, 'Collection Exe', 'Collection exe', 1),
(21, 'DGM', 'Deputy General Manager', 1),
(22, 'Asst. IT', 'IT Assistant', 1),
(23, 'Asst. Accounts', 'Accounts Assistant', 1),
(24, 'House keeping', 'House Keeping', 1),
(25, 'Legal Manager', 'Legal Manager', 1),
(26, 'Passbook Executive', 'Passbook Executive', 1),
(27, 'Office Asst', 'Office Assistant', 1),
(28, 'Asst. Reg', 'Registration  Assistant', 1),
(29, 'FOE', 'Front Office Executive', 1),
(30, 'Business Analyst', 'Business Analyst', 1),
(31, 'Audit Executive', 'Audit Executive', 1),
(32, 'AGM-Marketing', 'AGM-Marketing', 1),
(33, 'Business Executive', 'Business Executive', 1),
(34, 'rdfg', 'dfghb', 0),
(35, 'abc', 'fdgsdfgs', 0);

-- --------------------------------------------------------

--
-- Table structure for table `tbl_email`
--

DROP TABLE IF EXISTS `tbl_email`;
CREATE TABLE IF NOT EXISTS `tbl_email` (
  `id` int(11) NOT NULL AUTO_INCREMENT,
  `email` varchar(50) NOT NULL,
  `password` varchar(20) NOT NULL,
  `status` int(11) NOT NULL,
  PRIMARY KEY (`id`)
) ENGINE=MyISAM AUTO_INCREMENT=2 DEFAULT CHARSET=latin1;

--
-- Dumping data for table `tbl_email`
--

INSERT INTO `tbl_email` (`id`, `email`, `password`, `status`) VALUES
(1, 'test@gmail.com', '1010', 1);

-- --------------------------------------------------------

--
-- Table structure for table `tbl_issueitem`
--

DROP TABLE IF EXISTS `tbl_issueitem`;
CREATE TABLE IF NOT EXISTS `tbl_issueitem` (
  `issue_id` int(11) NOT NULL AUTO_INCREMENT,
  `user_id_fk` int(20) NOT NULL,
  `item_id_fk` int(11) NOT NULL,
  `branch_id_fk` int(11) NOT NULL,
  `issue_quantity` bigint(20) NOT NULL,
  `issue_date` date NOT NULL,
  `issue_status` int(11) NOT NULL,
  PRIMARY KEY (`issue_id`)
) ENGINE=InnoDB DEFAULT CHARSET=latin1;

-- --------------------------------------------------------

--
-- Table structure for table `tbl_issueroll`
--

DROP TABLE IF EXISTS `tbl_issueroll`;
CREATE TABLE IF NOT EXISTS `tbl_issueroll` (
  `issue_id` int(11) NOT NULL AUTO_INCREMENT,
  `user_id_fk` int(11) NOT NULL,
  `item_id_fk` int(11) NOT NULL,
  `branch_id_fk` int(11) NOT NULL,
  `roll_quantity` bigint(11) NOT NULL,
  `ticket_count` int(11) NOT NULL,
  `cutoff_ticket` double NOT NULL,
  `expect_ticket` double NOT NULL,
  `issue_date` date NOT NULL,
  `issue_status` int(11) NOT NULL,
  PRIMARY KEY (`issue_id`)
) ENGINE=InnoDB AUTO_INCREMENT=9 DEFAULT CHARSET=latin1;

--
-- Dumping data for table `tbl_issueroll`
--

INSERT INTO `tbl_issueroll` (`issue_id`, `user_id_fk`, `item_id_fk`, `branch_id_fk`, `roll_quantity`, `ticket_count`, `cutoff_ticket`, `expect_ticket`, `issue_date`, `issue_status`) VALUES
(1, 20, 64, 8, 1, 150, 10, 140, '2018-05-02', 1),
(2, 127, 64, 8, 1, 150, 10, 140, '2018-05-23', 1),
(3, 127, 64, 8, 2, 300, 20, 280, '2018-05-02', 1),
(4, 122, 64, 8, 1, 150, 10, 140, '2018-05-02', 1),
(5, 20, 64, 8, 10, 1500, 100, 1400, '2018-05-02', 1),
(6, 129, 64, 8, 10, 1500, 100, 1400, '2018-05-12', 1),
(7, 40, 64, 1, 1, 150, 10, 140, '2019-08-30', 1),
(8, 57, 64, 2, 1, 150, 10, 140, '2020-07-16', 1);

-- --------------------------------------------------------

--
-- Table structure for table `tbl_item`
--

DROP TABLE IF EXISTS `tbl_item`;
CREATE TABLE IF NOT EXISTS `tbl_item` (
  `item_id` int(11) NOT NULL AUTO_INCREMENT,
  `category_id_fk` int(11) NOT NULL,
  `item_name` varchar(50) NOT NULL,
  `item_price` double NOT NULL,
  `item_hsn` varchar(50) NOT NULL,
  `item_tax` int(11) NOT NULL,
  `item_description` text NOT NULL,
  `item_status` int(11) NOT NULL,
  PRIMARY KEY (`item_id`)
) ENGINE=InnoDB AUTO_INCREMENT=163 DEFAULT CHARSET=latin1;

--
-- Dumping data for table `tbl_item`
--

INSERT INTO `tbl_item` (`item_id`, `category_id_fk`, `item_name`, `item_price`, `item_hsn`, `item_tax`, `item_description`, `item_status`) VALUES
(1, 2, 'Passbook 20 DC', 14.9, '9989', 3, '', 0),
(2, 2, 'AD CARD', 0, '9989', 0, '', 1),
(3, 2, 'AUCTION DIFFERENCE FORM', 65, '9989', 18, '', 1),
(4, 2, 'BILL BOOK CHITTY', 75, '9989', 18, '', 1),
(5, 2, 'BILL BOOK-DCL', 60, '9989', 18, '', 1),
(6, 2, 'BILL BOOK-DEVANARAYANA', 0, '9989', 0, '', 1),
(7, 2, 'BILL BOOK-KML', 75, '9989', 18, '', 1),
(8, 1, 'CALCULATOR', 0, '0', 0, '', 1),
(9, 1, 'CARBON PAPER', 0, '0', 0, '', 1),
(10, 1, 'CELLO TAPE', 0, '0', 0, '', 1),
(11, 2, 'CHEQUE TENDER FORM-CHITTY', 65, '9989', 18, '', 1),
(12, 2, 'CHEQUE TENDER FORM-KML', 90, '9989', 18, '', 1),
(13, 2, 'CHIT AGREEMENT-DRO', 12, '9989', 18, '', 1),
(14, 2, 'CHIT AGREEMENT-IIND', 0, '9989', 0, '', 1),
(15, 2, 'CHIT AGREEMENT-SMALL', 0, '9989', 0, '', 1),
(16, 2, 'CHITTY PANAM KAIPATTU RECEIPT', 0, '9989', 0, '', 1),
(17, 2, 'CHITTY REMOVAL FORM', 80, '9989', 18, '', 1),
(18, 2, 'CONCENT FORM(SAMMATHAPATHRAM)', 80, '9989', 18, '', 1),
(19, 2, 'DAILY CALL REPORT', 0, '9989', 0, '', 1),
(20, 2, 'DC CARD-CHITTY', 0.9, '9989', 18, '', 1),
(21, 2, 'DC CARD-DCL', 0, '9989', 0, '', 1),
(22, 2, 'DC CARD-KML', 0, '9989', 0, '', 1),
(23, 2, 'DIARY-LARGE', 0, '0', 0, '', 1),
(24, 2, 'DIARY-MEDIUM', 0, '0', 0, '', 1),
(25, 2, 'DIARY-SMALL', 0, '0', 0, '', 1),
(26, 2, 'DOC SLIP-CHITTY', 65, '9989', 18, '', 1),
(27, 2, 'DOC SLIP-KML', 90, '9989', 18, '', 1),
(28, 1, 'DAMPER', 0, '0', 0, '', 1),
(29, 1, 'ENVELOP-DOC-CHITTY', 0, '0', 0, '', 1),
(30, 1, 'ENVELOP-DOC-FIN', 0, '0', 0, '', 1),
(31, 1, 'ENVELOP-PLAIN', 0, '0', 0, '', 1),
(32, 1, 'ERASER-PEN', 0, '0', 0, '', 1),
(33, 1, 'ERASER-PENCIL', 0, '0', 0, '', 1),
(34, 1, 'FILE-BOX', 0, '0', 0, '', 1),
(35, 1, 'FILE-PAPER', 0, '0', 0, '', 1),
(36, 1, 'FILE-PLASTIC ENVELOP', 0, '0', 0, '', 1),
(37, 1, 'GEM CLIP', 0, '0', 0, '', 1),
(38, 1, 'GUM-FEVI STICK', 0, '0', 0, '', 1),
(39, 2, 'INVOICE-SERVICE TAX', 0, '9989', 0, '', 1),
(40, 2, 'KAIPPATTU RECEIPT-DOC-CHITTY', 50, '9989', 18, '', 1),
(41, 2, 'KAIPPATTU RECEIPT-DOC-KML', 80, '9989', 18, '', 1),
(42, 2, 'KML AGREEMENT IIND SHEET', 0, '9989', 0, '', 1),
(43, 1, 'LEDGER BOOK-160PAGE', 0, '0', 0, '', 1),
(44, 1, 'REGISTER BOOK-240 PAGE', 0, '0', 0, '', 1),
(45, 1, 'REGISTER BOOK- 60 PAGE', 0, '0', 0, '', 1),
(46, 2, 'LETTER PAD-COM', 300, '9989', 18, '', 1),
(47, 2, 'LETTER PAD-FIN', 300, '9989', 18, '', 1),
(48, 2, 'LOAN APPLICATION', 100, '9989', 18, '', 1),
(49, 1, 'MARKER-BOLD', 0, '0', 0, '', 1),
(50, 1, 'MARKER-FINE', 0, '0', 0, '', 1),
(51, 2, 'MEMORANDUM', 0, '9989', 0, '', 1),
(52, 2, 'MINUTES LOOSE SHEET', 0, '9989', 0, '', 1),
(53, 2, 'MINUTES-10M', 80, '9989', 18, '', 1),
(54, 2, 'MINUTES-20M', 40, '9989', 18, '', 1),
(55, 2, 'MINUTES-25M', 100, '9989', 18, '', 1),
(56, 2, 'MINUTES-32M', 0, '9989', 0, '', 1),
(57, 1, 'NOTEBOOK-BIG', 0, '0', 0, '', 1),
(58, 1, 'NOTEBOOK-SMALL', 0, '0', 0, '', 1),
(59, 2, 'NOTICE-CHIT', 1.12, '9989', 18, '', 1),
(60, 2, 'NOTICE-FINANCE', 0, '9989', 0, '', 1),
(61, 2, 'OFFER CANCELLATION FORM', 80, '9989', 18, '', 1),
(62, 2, 'OFFER FORM', 65, '9989', 18, '', 1),
(63, 1, 'PAPER CLIP', 0, '0', 0, '', 1),
(64, 1, 'PAPER ROLL- DC MACHINE', 0, '0', 0, '', 1),
(65, 1, 'PAPER ROLL-CASH RECEIPT', 0, '0', 0, '', 1),
(66, 1, 'PAPER - A4(BOND)', 0, '0', 0, '', 1),
(67, 1, 'PAPER - CHART', 0, '0', 0, '', 1),
(68, 1, 'PAPER- LEDGER', 0, '0', 0, '', 1),
(69, 1, 'PAPER - ORD', 0, '0', 0, '', 1),
(70, 2, 'PB 10DC', 0, '9989', 0, '', 1),
(71, 2, 'PB 10MC', 0, '9989', 0, '', 1),
(72, 2, 'PB 20DC', 0, '9989', 0, '', 1),
(73, 2, 'PB 20MC', 0, '9989', 0, '', 1),
(74, 2, 'PB 25DC', 0, '9989', 0, '', 1),
(75, 2, 'PB 25MC', 0, '9989', 0, '', 1),
(76, 2, 'PB 32DC', 0, '9989', 0, '', 1),
(77, 2, 'PB 32MC', 0, '9989', 0, '', 1),
(78, 2, 'PB 40DC', 0, '9989', 0, '', 1),
(79, 2, 'PB 40MC', 0, '9989', 0, '', 1),
(80, 2, 'PB KML', 8.1, '9989', 18, '', 1),
(81, 1, 'PENCIL', 0, '0', 0, '', 1),
(82, 1, 'PENCIL CUTTER', 0, '0', 0, '', 1),
(83, 1, 'PEN - GRIPPER', 0, '0', 0, '', 1),
(84, 1, 'PEN-LEXI', 0, '0', 0, '', 1),
(85, 1, 'PEN - ORD', 0, '0', 0, '', 1),
(86, 1, 'PEN-RED', 0, '0', 0, '', 1),
(87, 1, 'PEN-REFILLER', 0, '0', 0, '', 1),
(88, 2, 'PERSONAL GUARANTOR FORM CHITTY', 65, '9989', 18, '', 1),
(89, 2, 'PERSONAL GUARANTOR FORM KML', 90, '9989', 18, '', 1),
(90, 1, 'PRINTING SHEET-DOUBLE', 0, '9989', 0, '', 1),
(91, 1, 'PRINTING SHEET-SINGLE', 0, '9989', 0, '', 1),
(92, 1, 'PRINTING SHEET-TRIPLE', 0, '9989', 0, '', 1),
(93, 2, 'PROXY', 65, '9989', 18, '', 1),
(94, 1, 'PUNCHING MACHINE', 0, '0', 0, '', 1),
(95, 2, 'REGISTERED AD-CHITTY', 80, '9989', 18, '', 1),
(96, 2, 'REGISTERED AD-KML', 80, '9989', 18, '', 1),
(97, 1, 'RUBBER BAND-BIG', 0, '0', 0, '', 1),
(98, 1, 'RUBBER BAND-SMALL', 0, '0', 0, '', 1),
(99, 1, 'SCALE', 0, '0', 0, '', 1),
(100, 1, 'SEAL CHITTY', 0, '0', 0, '', 1),
(101, 1, 'SEAL FINANCE', 0, '0', 0, '', 1),
(102, 1, 'STAMP PAD-BLUE', 0, '0', 0, '', 1),
(103, 1, 'STAMP PAD INK-BLUE', 0, '0', 0, '', 1),
(104, 1, 'STAMP PAD INK-RED', 0, '0', 0, '', 1),
(105, 1, 'STAPLER', 0, '0', 0, '', 1),
(106, 1, 'STAPLER PIN BIG', 0, '0', 0, '', 1),
(107, 1, 'STAPLER PIN SMALL', 0, '0', 0, '', 1),
(108, 2, 'SUBSCRIBER LIST REGISTER(Sheets)', 0, '9989', 0, '', 1),
(109, 2, 'THALAVARIYOLA', 1.24, '9989', 18, '', 1),
(110, 2, 'VOUCHER-CHIT PAYMENT', 60, '9989', 18, '', 1),
(111, 2, 'VOUCHER-CRD-COMPANY', 60, '9989', 18, '', 1),
(112, 2, 'VOUCHER-CRD-DCL', 60, '9989', 18, '', 1),
(113, 2, 'VOUCHER-CRD-FIN', 60, '9989', 18, '', 1),
(114, 2, 'VOUCHER-DBT-COMPANY', 30, '9989', 18, '', 1),
(115, 2, 'VOUCHER-DBT-DCL', 65, '9989', 18, '', 1),
(116, 2, 'VOUCHER-DBT-FIN	', 52, '9989', 18, '', 1),
(117, 2, 'VOUCHER-JRNL', 80, '9989', 18, '', 1),
(118, 1, 'WHITENER PEN', 0, '0', 0, '', 1),
(119, 1, 'WRITING PAD', 0, '0', 0, '', 1),
(120, 2, 'CHECK LIST', 0, '9989', 0, '', 1),
(121, 1, 'MARKER-ERASABLE', 0, '0', 0, '', 1),
(122, 1, 'TEA COASTER', 0, '0', 0, '', 1),
(123, 1, 'RAIN COAT-FULL COAT', 0, '0', 0, '', 1),
(124, 1, 'RAIN COAT-PANTS & SHIRT', 0, '0', 0, '', 1),
(125, 1, 'FILE PAD', 0, '0', 0, '', 1),
(126, 1, 'KEROSENE', 0, '0', 0, '', 1),
(127, 1, 'KNIFE', 0, '0', 0, '', 1),
(128, 2, 'CALENDAR', 0, '9989', 0, '', 1),
(129, 2, 'RF BILL BOOK', 0, '9989', 0, '', 1),
(130, 1, 'STAPLER BIG', 0, '0', 0, '', 1),
(131, 1, 'STAPLER PIN KANGAROO', 0, '0', 0, '', 1),
(132, 1, 'CELLO TAPE DISPENCER', 0, '0', 0, '', 1),
(133, 1, 'HIGHLIGHTER', 0, '0', 0, '', 1),
(134, 1, 'PEN STAND', 0, '0', 0, '', 1),
(135, 1, 'PAPER WEIGHT', 0, '0', 0, '', 1),
(136, 1, 'VISITING CARD HOLDER', 0, '0', 0, '', 1),
(137, 1, 'FACIAL TISSUE PAPER', 0, '0', 0, '', 1),
(138, 1, 'CHEQUE FOLDER', 0, '0', 0, '', 1),
(139, 1, 'PEN- GREEN', 0, '0', 0, '', 1),
(140, 1, 'POST IT-STICKY NOTE', 0, '0', 0, '', 1),
(141, 1, 'MARKER-PERMANENT', 0, '0', 0, '', 1),
(142, 1, 'FILE-PAPER-L', 0, '0', 0, '', 1),
(143, 2, 'VERIFICATION FORM', 0, '9989', 0, '', 1),
(144, 2, 'MINUTES-40M', 120, '9989', 18, '', 1),
(145, 1, 'STAMP PAD-RED', 0, '0', 0, '', 1),
(146, 1, 'REVENUE STAMP', 0, '0', 0, '', 1),
(147, 1, 'REGISTER BOOK- 320 PAGE', 0, '0', 0, '', 1),
(148, 1, 'REGISTER BOOK- 80 PAGE', 0, '0', 0, '', 1),
(149, 1, 'TRIANGULAR BELL CLIP', 0, '0', 0, '', 1),
(150, 1, 'LEDGER BOOK-240 PAGE', 0, '0', 0, '', 1),
(151, 1, 'BINDER CLIP', 0, '0', 0, '', 1),
(152, 1, 'REGISTER BOOK- 160 PAGE', 0, '0', 0, '', 1),
(153, 1, 'LEDGER BOOK-360 PAGE', 0, '0', 0, '', 1),
(154, 1, 'REGISTER BOOK-180 PAGE', 0, '0', 0, '', 1),
(155, 1, 'LEDGER BOOK-80PAGE', 0, '0', 0, '', 1),
(156, 1, 'PARCEL TAPE', 0, '0', 0, '', 1),
(157, 1, 'REGISTER BOOK-360 PAGE', 0, '0', 0, '', 1),
(158, 1, 'KEY HOLDER', 0, '0', 0, '', 1),
(159, 1, 'BRUSH', 0, '0', 0, '', 1),
(160, 1, 'REGISTER BOOK- 400 PAGE', 0, '0', 0, '', 1),
(161, 1, 'STOCK REGISTER', 0, '0', 0, '', 1),
(162, 1, 'NICKEL PLATED GEM CLIP', 0, '-', 0, '', 0);

-- --------------------------------------------------------

--
-- Table structure for table `tbl_login`
--

DROP TABLE IF EXISTS `tbl_login`;
CREATE TABLE IF NOT EXISTS `tbl_login` (
  `id` int(11) NOT NULL AUTO_INCREMENT,
  `user_name` varchar(255) NOT NULL,
  `user_email` varchar(255) NOT NULL,
  `user_password` varchar(25) NOT NULL,
  `user_branch` varchar(50) NOT NULL,
  `user_type` varchar(10) NOT NULL,
  `designation` int(11) NOT NULL,
  PRIMARY KEY (`id`)
) ENGINE=InnoDB AUTO_INCREMENT=165 DEFAULT CHARSET=latin1;

--
-- Dumping data for table `tbl_login`
--

INSERT INTO `tbl_login` (`id`, `user_name`, `user_email`, `user_password`, `user_branch`, `user_type`, `designation`) VALUES
(1, 'gentleman', 'gentleman@gmail.com', '123', 'Thalayolaparambu', 'A', 0),
(2, 'sam', 'sampothara.gentleman@gmail.com', 'samp@2277', 'THALAYOLAPARAMBU', 'S', 1),
(3, 'sreelakshmi', 'lakshmi.gentleman@gmail.com', 'sr#ss9', 'THALAYOLAPARAMBU', 'S', 2),
(4, 'anjumol', 'anjugentleman@gmail.com', 'brm#anju@gm', 'THALAYOLAPARAMBU', 'S', 3),
(5, 'rameshs', 'rameshs@gentlemanchits.com', 'ram#s0318', 'THALAYOLAPARAMBU', 'S', 4),
(6, 'pm', 'jijeev@gentlemanchits.com', 'pm', 'THALAYOLAPARAMBU', 'S', 5),
(7, '', 'divyavinodgentleman@gmail.com', '', 'THALAYOLAPARAMBU', 'S', 15),
(8, 'jayarajesh', 'jayagentlemanchl@gmail.com', 'brmjaya#chl', 'CHERTHALA', 'S', 3),
(9, 'aswathy', 'aswathygentleman@gmail.com', 'cc@gm#chl', 'CHERTHALA', 'S', 6),
(10, 'sarathchandran', 'sarathchandrangentlemanchl@gmail.com', 'brmsarath#alpy', 'ALAPPUZHA', 'S', 3),
(11, 'priya', 'priyagentlemanalpy@gmail.com', 'cc@gm*alpy', 'ALAPPUZHA', 'S', 6),
(12, 'maheshgk', 'maheshtvr.gman@gmail.com', 'brmmahesh#ekm', 'ERNAKULAM', 'S', 3),
(13, 'athirababu', 'athiragman@gmail.com', 'cc@gm#ekm', 'ERNAKULAM', 'S', 6),
(14, 'marycerly', 'cerowil121718@gmail.com', 'brm#cerly@trp', 'TRIPUNITHURA', 'S', 3),
(15, '', 'bindhugentleman@gmail.com', '', 'TRIPUNITHURA', 'S', 16),
(16, 'malup', 'maluprasadgentlemanchl@gmail.com', 'brmmalu#erm', 'ERAMALLOOR', 'S', 3),
(17, 'mamitha', 'mamithagman@gmail.com', 'erm#cc@gm', 'ERAMALLOOR', 'S', 6),
(18, 'banusha', 'banushagentleman@gmail.com', 'gm#brm@hpd', 'HARIPAD', 'S', 3),
(19, 'seethalb', 'seethalkylm@gmail.com', 'gm_cc@kylm', 'KAYAMKULAM', 'S', 6),
(20, 'silpajoshi', 'silpajoshigman@gmail.com', 'brmsilpa#mvla', 'MAVELIKKARA', 'S', 3),
(21, 'jishnur', 'jishnugman@gmail.com', 'cc@etr#gm', 'ETTUMANOOR', 'S', 6),
(22, 'sreekumarb', 'dgm@gentlemanchits.com', 'dgm@gm2018', 'THALAYOLAPARAMBU', 'S', 21),
(23, 'jinu', 'jinu@gentlemanchits.com', 'ea@gm', 'THALAYOLAPARAMBU', 'S', 18),
(24, 'manjum', 'manjum@gentlemanchits.com', 'hr@gm2018', 'THALAYOLAPARAMBU', 'S', 19),
(25, 'rasna', 'rasnagman@gmail.com', 'rasna@gm2018', 'THALAYOLAPARAMBU', 'S', 16),
(26, 'vishnups', 'vishnupsv351@gmail.com', 'vishnups@gm', 'THALAYOLAPARAMBU', 'S', 27),
(27, 'amrutha', 'amruthagentleman@gmail.com', 'foe@gm2018', 'THALAYOLAPARAMBU', 'S', 29),
(28, 'veenaj', 'veenajayaprakash484@gmail.com', 'pbexe@gm', 'THALAYOLAPARAMBU', 'S', 26),
(29, 'sreejasuresh', 'sreejagentleman@gmail.com', 'sreeja@gm', 'THALAYOLAPARAMBU', 'S', 14),
(30, 'binuraj', 'binuraj234@gmail.com', 'binuraj@gm', 'THALAYOLAPARAMBU', 'S', 28),
(31, 'kavitha', 'kavithagentleman@gmail.com', 'kavitha@gm', 'THALAYOLAPARAMBU', 'S', 6),
(32, 'kamaladevi', 'kamaladevi.gentlemanchl@gmail.com', 'kamaladevi@gmcf', 'THALAYOLAPARAMBU', 'S', 30),
(33, 'greeshmaks', 'greeshma@gentlemanchits.com', 'gresshma@gmcf', 'THALAYOLAPARAMBU', 'S', 31),
(34, 'remyanm', 'remyanm@gentlemanchits.com', 'remya@gmcf', 'THALAYOLAPARAMBU', 'S', 23),
(35, 'anilkg', 'anilgman@gmail.com', 'anilkg@gmcf', 'THALAYOLAPARAMBU', 'S', 25),
(36, 'anug', 'anug@gentlemanchits.com', 'anug@gmcf', 'THALAYOLAPARAMBU', 'S', 13),
(37, 'suchithra', 'suchithra@gentlemanchits.com', 'rec@gmcf', 'THALAYOLAPARAMBU', 'S', 12),
(38, 'nidheeshd', 'nidheeshgentleman@gmail.com', 'nidheesh@gmcf', 'THALAYOLAPARAMBU', 'S', 12),
(39, 'rajeshtr', 'rajeshtr@gentlemanchits.com', 'rajeshtr@gmcf', 'THALAYOLAPARAMBU', 'S', 32),
(40, 'lukathomas', 'luka.gentleman@gmail.com', 'luka@gmcf', 'THALAYOLAPARAMBU', 'S', 10),
(41, 'syamts', 'syam.gentlemanchits@gmail.com', 'syamts@gmcf', 'THALAYOLAPARAMBU', 'S', 10),
(42, 'shijimon', 'mkshijin@gmail.com', 'mkshijin@gmcf', 'THALAYOLAPARAMBU', 'S', 10),
(43, 'suneeshk', 'suneeshgent@gmail.com', 'suneesh@gmcf', 'THALAYOLAPARAMBU', 'S', 10),
(44, 'augustin', '111', 'augustin', 'THALAYOLAPARAMBU', 'S', 20),
(45, 'aneeshas', '111', 'aneeshas', 'THALAYOLAPARAMBU', 'S', 20),
(46, 'laly', '111', 'laly', 'THALAYOLAPARAMBU', 'S', 20),
(47, 'sunimol', '111', 'sunimol', 'THALAYOLAPARAMBU', 'S', 20),
(48, 'sunnyd', '111', 'sunnyd', 'THALAYOLAPARAMBU', 'S', 20),
(49, 'deepesh', '111', 'deepesh', 'THALAYOLAPARAMBU', 'S', 20),
(50, 'shanty', '111', 'shanty', 'THALAYOLAPARAMBU', 'S', 20),
(51, 'jiljith', '111', 'jiljith', 'THALAYOLAPARAMBU', 'S', 20),
(52, 'anilkumar', '111', 'anilkumar', 'THALAYOLAPARAMBU', 'S', 20),
(53, 'sasikala', '111', 'sasikala', 'THALAYOLAPARAMBU', 'S', 20),
(54, 'pradeepkumar', '111', 'pradeepkumar', 'THALAYOLAPARAMBU', 'S', 20),
(55, 'sethu', '111', 'sethu', 'THALAYOLAPARAMBU', 'S', 20),
(56, 'akhilsabu', '111', 'akhilsabu', 'THALAYOLAPARAMBU', 'S', 20),
(57, 'sahaja', '111', 'sahaja', 'THALAYOLAPARAMBU', 'S', 33),
(58, 'kalpana', 'kalpanagman@gmail.com', 'kalpana', 'CHERTHALA', 'S', 15),
(59, 'silpaks', 'silpagman@gmail.com', 'silpa@gmchl', 'CHERTHALA', 'S', 6),
(60, 'sindhusanthosh', 'sindhugentlemanchl@gmail.com', 'sindhusanthosh', 'CHERTHALA', 'S', 16),
(61, 'jk', 'jk.gentleman@gmail.com', 'jk', 'CHERTHALA', 'S', 5),
(62, 'jijiram', 'jijiramgentleman@gmail.com', 'jijiram', 'CHERTHALA', 'S', 10),
(63, 'ashar', 'asharatheesh.gmchl@gmail.com', 'ashar', 'CHERTHALA', 'S', 10),
(64, 'vineeshmp', 'vineeshgentlemanchl@gmail.com', 'vineeshmp', 'CHERTHALA', 'S', 10),
(65, 'miniajayan', '222', 'miniajayan', 'CHERTHALA', 'S', 20),
(66, 'jyothi', '222', 'jyothi', 'CHERTHALA', 'S', 20),
(67, 'divyava', '222', 'divyava', 'CHERTHALA', 'S', 20),
(68, 'ashamol', '222', 'ashamol', 'CHERTHALA', 'S', 20),
(69, 'shibu', '222', 'shibu', 'CHERTHALA', 'S', 20),
(70, 'manikutty', '222', 'manikutty', 'CHERTHALA', 'S', 20),
(71, 'syamlal', '222', 'syamlal', 'CHERTHALA', 'S', 20),
(72, 'shijis', '222', 'shijis', 'CHERTHALA', 'S', 20),
(73, 'sarithapm', '222', 'sarithapm', 'CHERTHALA', 'S', 20),
(74, 'ushus', '222', 'ushus', 'CHERTHALA', 'S', 20),
(75, 'aswathyta', '222', 'aswathyta', 'CHERTHALA', 'S', 20),
(76, 'manojk', 'manojkrishnangentleman@gmail.com', 'manojk', 'CHERTHALA', 'S', 12),
(77, 'salim', 'salimkumargentlemanchl@gmail.com', 'salim', 'CHERTHALA', 'S', 25),
(78, 'saneeshap', 'saneeshagentleman@gmail.com', 'saneeshap', 'ERNAKULAM', 'S', 16),
(79, 'sojichandran', 'sojigentlemanekm@gmail.com', 'sojichandran', 'ERNAKULAM', 'S', 11),
(80, 'arjunapai', 'arjunapaigentle@gmail.com', 'arjunapai', 'ERNAKULAM', 'S', 10),
(81, 'jess', '333', 'jess', 'ERNAKULAM', 'S', 20),
(82, 'praveenp', '333', 'praveenp', 'ERNAKULAM', 'S', 20),
(83, 'sajeenath', '333', 'sajeenath', 'ERNAKULAM', 'S', 20),
(84, 'jp', '333', 'jp', 'ERNAKULAM', 'S', 20),
(85, 'binul', '333', 'binul', 'ERNAKULAM', 'S', 20),
(86, 'mathewa', 'mathewgentleman@gmail.com', 'mathewa', 'ERNAKULAM', 'S', 12),
(87, 'tenson', '333', 'tenson', 'ERNAKULAM', 'S', 20),
(88, 'binoyc', 'binoy.gentleman@gmail.com', 'binoyc', 'ERNAKULAM', 'S', 10),
(89, 'rajeshb', 'rajeshbgentleman@gmail.com', 'rajeshb', 'TRIPUNITHURA', 'S', 11),
(90, 'jaimon', 'jaimongentlemanchl@gmail.com', 'jaimon', 'TRIPUNITHURA', 'S', 10),
(91, 'sunil', '444', 'sunil', 'TRIPUNITHURA', 'S', 20),
(92, 'sulabhakumari', '444', 'sulabhakumari', 'TRIPUNITHURA', 'S', 20),
(93, 'pvj', '444', 'pvj', 'TRIPUNITHURA', 'S', 20),
(94, 'sreejith', '444', 'sreejith', 'TRIPUNITHURA', 'S', 20),
(95, 'dj', '444', 'dj', 'TRIPUNITHURA', 'S', 20),
(96, 'bindhupradeepan', '444', 'bp', 'TRIPUNITHURA', 'S', 20),
(97, 'bindhusunil', '444', 'bindhus', 'TRIPUNITHURA', 'S', 20),
(98, 'rijopj', 'rijogentleman@gmail.com', 'rijopj', 'ALAPPUZHA', 'S', 11),
(99, 'rejimon', 'rejimon.gentleman@gmail.com', 'rejimon', 'ALAPPUZHA', 'S', 10),
(100, 'shynir', '555', 'shynir', 'ALAPPUZHA', 'S', 20),
(101, 'jss', '555', 'jss', 'ALAPPUZHA', 'S', 20),
(102, 'sareena', '555', 'sareena', 'ALAPPUZHA', 'S', 20),
(103, 'aswathyj', '555', 'aswathyj', 'ALAPPUZHA', 'S', 20),
(104, 'lovely', '555', 'lovely', 'ALAPPUZHA', 'S', 20),
(105, 'sandeepsatheesan', '555', 'sandeepsatheesan', 'ALAPPUZHA', 'S', 20),
(106, 'sandeepsabu', '555', 'sandeepsabu', 'ALAPPUZHA', 'S', 20),
(107, 'arunkumar', 'arun.gentlemanhpd@gmail.com', 'arunkumar', 'HARIPAD', 'S', 11),
(108, 'shibithas', '666', 'shibithas', 'HARIPAD', 'S', 20),
(109, 'minimolm', '666', 'minimolm', 'HARIPAD', 'S', 20),
(110, 'josephine', '666', 'josephine', 'HARIPAD', 'S', 20),
(111, 'sanjeevm', '666', 'sanjeevm', 'HARIPAD', 'S', 20),
(112, 'haridas', 'haridas.gentleman@gmail.com', 'haridas', 'ERAMALLOOR', 'S', 11),
(113, 'bijum', 'bijugentleman2017@gmail.com', 'bijum', 'ERAMALLOOR', 'S', 10),
(114, 'rahulramesh', 'rahulgentlman@gmail.com', 'rahulramesh', 'ERAMALLOOR', 'S', 10),
(115, 'sreedevivr', '777', 'sreedevivr', 'ERAMALLOOR', 'S', 20),
(116, 'maheshp', '777', 'maheshp', 'ERAMALLOOR', 'S', 20),
(117, 'cbabu', '777', 'cbabu', 'ERAMALLOOR', 'S', 20),
(118, 'sanimonpk', '777', 'sanimonpk', 'ERAMALLOOR', 'S', 20),
(119, 'praveenb', '777', 'praveenb', 'ERAMALLOOR', 'S', 20),
(120, 'jincej', '777', 'jincej', 'ERAMALLOOR', 'S', 20),
(121, 'shijimol', '777', 'shijimol', 'ERAMALLOOR', 'S', 20),
(122, 'syamkumar', 'syamkumargentleman@gmail.com', 'syamkumar', 'ALAPPUZHA', 'S', 17),
(123, 'binutv', 'binutvijayan@gmail.com', 'binutv', 'ETTUMANOOR', 'S', 11),
(124, 'aruns', 'arunsadasivangentleman@gmail.com', 'aruns', 'ETTUMANOOR', 'S', 10),
(125, 'hari', '888', 'hari', 'ETTUMANOOR', 'S', 20),
(126, 'athul', '888', 'athul', 'ETTUMANOOR', 'S', 20),
(127, 'bivin', '888', 'bivin', 'ETTUMANOOR', 'S', 20),
(128, 'ajeeshv', '888', 'ajeeshv', 'ETTUMANOOR', 'S', 20),
(129, 'samson', '888', 'samson', 'ETTUMANOOR', 'S', 20),
(130, 'abhijiths', '888', 'abhijiths', 'ETTUMANOOR', 'S', 20),
(131, 'mdevan', 'mdevan@gentlemanchits.com', 'mdevan', 'KAYAMKULAM', 'S', 10),
(132, 'sujathap', '999', 'sujathap', 'KAYAMKULAM', 'S', 20),
(133, 'alberts', '999', 'alberts', 'KAYAMKULAM', 'S', 20),
(134, 'sathiyamma', '999', 'sathiyamma', 'KAYAMKULAM', 'S', 20),
(135, 'madhu', '999', 'madhu', 'KAYAMKULAM', 'S', 33),
(136, 'jj', '999', 'jj', 'KAYAMKULAM', 'S', 20),
(137, 'anishs', 'anish77gentleman@gmail.com', 'anishs', 'MAVELIKKARA', 'S', 10),
(138, 'mayav', '1010', 'mayav', 'MAVELIKKARA', 'S', 20),
(139, 'jomola', '1010', 'jomola', 'MAVELIKKARA', 'S', 20),
(140, 'rks', '1010', 'rks', 'MAVELIKKARA', 'S', 20),
(141, 'rr', '1010', 'rr', 'MAVELIKKARA', 'S', 20),
(142, 'prasads', 'prasad.s.gentleman@gmail.com', 'prasads', 'THALAYOLAPARAMBU', 'Su', 17),
(143, 'joby', 'joby@edathara', 'joby', 'ETTUMANOOR', 'S', 3),
(144, 'Test1', 'gentleman@gmail.com', 'gentleman@321', 'THALAYOLAPARAMBU', 'S', 3),
(145, 'test2', 'gentleman@gmail.com', 'gentleman@321', 'THALAYOLAPARAMBU', 'S', 2),
(146, 'test3', 'nipunvv@gmail.com', 'gentleman@321', 'THALAYOLAPARAMBU', 'Su', 4),
(147, 'test4', 'vvmidhun55@gmail.com', 'gentleman@321', 'THALAYOLAPARAMBU', 'S', 1),
(148, 'test5', 'gentleman@gmail.com', 'gentleman@321', 'THALAYOLAPARAMBU', 'S', 5),
(149, 'test6', 'gentleman@gmail.com', '', 'THALAYOLAPARAMBU', 'S', 6),
(155, 'ffff', 'vvmidhun55@gmail.com', '5555', 'ETTUMANOOR', 'S', 6),
(156, '', 'vvmidhun55@gmail.com', '', 'ERAMALLOOR', 'S', 20),
(157, 'mvv', 'a@gmail.com', '520', 'TRIPUNITHURA', 'S', 12),
(158, '2120', 'a@gmail.com', '21020', 'CHERTHALA', 'A', 18),
(159, 'asdf', 'ajnaznaz123@gmail.com', '007', 'ALAPPUZHA', 'S', 28),
(160, 'asdfe', 'ajnaznaz123@gmail.com', '007', 'MAVELIKKARA', 'S', 32),
(161, 'ftn', 'ajnaznaz123@gmail.com', '007', 'MAVELIKKARA', 'Su', 19),
(162, 'ftn', 'ajnaznaz123@gmail.com', '007', 'MAVELIKKARA', 'S', 19),
(163, 'asdfe', 'ajnaznaz123@gmail.com', '', 'KAYAMKULAM', 'S', 4),
(164, 'ftn', 'ajnznaz123@gmail.com', '007', 'CHERTHALA', 'Su', 14);

-- --------------------------------------------------------

--
-- Table structure for table `tbl_master_rop`
--

DROP TABLE IF EXISTS `tbl_master_rop`;
CREATE TABLE IF NOT EXISTS `tbl_master_rop` (
  `rop_id` int(11) NOT NULL AUTO_INCREMENT,
  `item_id_fk` int(11) NOT NULL,
  `branch_id_fk` int(11) NOT NULL,
  `item_rop` bigint(20) NOT NULL,
  `rop_status` int(11) NOT NULL,
  PRIMARY KEY (`rop_id`)
) ENGINE=MyISAM AUTO_INCREMENT=8 DEFAULT CHARSET=latin1;

--
-- Dumping data for table `tbl_master_rop`
--

INSERT INTO `tbl_master_rop` (`rop_id`, `item_id_fk`, `branch_id_fk`, `item_rop`, `rop_status`) VALUES
(1, 9, 0, 200, 1),
(2, 8, 0, 5, 1),
(3, 4, 0, 100, 1),
(4, 32, 0, 0, 1),
(5, 33, 0, 0, 1),
(6, 5, 0, 0, 1),
(7, 46, 0, 0, 1);

-- --------------------------------------------------------

--
-- Table structure for table `tbl_narration-branchreject`
--

DROP TABLE IF EXISTS `tbl_narration-branchreject`;
CREATE TABLE IF NOT EXISTS `tbl_narration-branchreject` (
  `id` int(11) NOT NULL AUTO_INCREMENT,
  `issue_id` int(11) NOT NULL,
  `com` int(11) NOT NULL,
  `agm` int(11) NOT NULL,
  `narration` varchar(50) NOT NULL,
  `status` int(11) NOT NULL,
  PRIMARY KEY (`id`)
) ENGINE=MyISAM AUTO_INCREMENT=3 DEFAULT CHARSET=latin1;

--
-- Dumping data for table `tbl_narration-branchreject`
--

INSERT INTO `tbl_narration-branchreject` (`id`, `issue_id`, `com`, `agm`, `narration`, `status`) VALUES
(1, 3, 1, 0, 'not acceptable', 1),
(2, 4, 0, 1, 'ijojlkm,.', 1);

-- --------------------------------------------------------

--
-- Table structure for table `tbl_narration-reject`
--

DROP TABLE IF EXISTS `tbl_narration-reject`;
CREATE TABLE IF NOT EXISTS `tbl_narration-reject` (
  `reject_id` int(11) NOT NULL AUTO_INCREMENT,
  `branch_id_fk` int(11) NOT NULL,
  `ref_no` varchar(50) NOT NULL,
  `brm` int(11) NOT NULL,
  `cm` int(11) NOT NULL,
  `fm` int(11) NOT NULL,
  `agm` int(11) NOT NULL,
  `pm` int(11) NOT NULL,
  `narration` text NOT NULL,
  `status` int(11) NOT NULL,
  PRIMARY KEY (`reject_id`)
) ENGINE=InnoDB AUTO_INCREMENT=8 DEFAULT CHARSET=latin1;

--
-- Dumping data for table `tbl_narration-reject`
--

INSERT INTO `tbl_narration-reject` (`reject_id`, `branch_id_fk`, `ref_no`, `brm`, `cm`, `fm`, `agm`, `pm`, `narration`, `status`) VALUES
(1, 0, 'GENTLEMAN-kVLzu', 0, 0, 0, 0, 1, 'Not acceptable\n', 1),
(2, 0, 'GENTLEMAN-dSKEe', 0, 0, 0, 0, 0, 'gggg', 1),
(3, 0, 'GENTLEMAN-oKGlT', 0, 0, 0, 1, 0, 'jjjj', 1),
(4, 0, 'GENTLEMAN-Q0e5n', 0, 0, 0, 1, 0, 'nnnn', 1),
(5, 0, 'GENTLEMAN-dRHAh', 0, 0, 0, 1, 0, 'jbiknl', 1),
(6, 0, 'GENTLEMAN-MAbH6', 0, 0, 0, 1, 0, 'ujkl', 1),
(7, 0, 'GENTLEMAN-YiZxn', 0, 0, 1, 0, 0, 'ubniml', 1);

-- --------------------------------------------------------

--
-- Table structure for table `tbl_opening_stock`
--

DROP TABLE IF EXISTS `tbl_opening_stock`;
CREATE TABLE IF NOT EXISTS `tbl_opening_stock` (
  `opening_id` int(11) NOT NULL AUTO_INCREMENT,
  `item_id_fk` int(11) NOT NULL,
  `branch_id_fk` int(11) NOT NULL,
  `item_quantity` bigint(10) NOT NULL,
  `item_name` varchar(20) NOT NULL,
  `date` date NOT NULL,
  `stock_status` int(11) NOT NULL,
  PRIMARY KEY (`opening_id`)
) ENGINE=MyISAM DEFAULT CHARSET=latin1;

-- --------------------------------------------------------

--
-- Table structure for table `tbl_purchase`
--

DROP TABLE IF EXISTS `tbl_purchase`;
CREATE TABLE IF NOT EXISTS `tbl_purchase` (
  `pr_id` int(11) NOT NULL AUTO_INCREMENT,
  `ref_number` varchar(20) NOT NULL,
  `item_id_fk` int(11) NOT NULL,
  `branch_id_fk` int(11) NOT NULL,
  `item_name` varchar(50) NOT NULL,
  `item_quantity` bigint(50) NOT NULL,
  `item_price` double NOT NULL,
  `item_date` date NOT NULL,
  `taxamount` bigint(20) NOT NULL,
  `item_total` double NOT NULL,
  `grand_total` double NOT NULL,
  `cc` int(11) NOT NULL,
  `brm` int(11) NOT NULL,
  `cm` int(11) NOT NULL,
  `fm` int(11) NOT NULL,
  `agm` int(11) NOT NULL,
  `pm` int(11) NOT NULL,
  `delivery` int(11) NOT NULL,
  `finaldelivery` int(11) NOT NULL,
  `reject` int(11) NOT NULL,
  `remark` text NOT NULL,
  `order_file` text NOT NULL,
  `pr_status` int(11) NOT NULL,
  PRIMARY KEY (`pr_id`)
) ENGINE=InnoDB AUTO_INCREMENT=3 DEFAULT CHARSET=latin1;

--
-- Dumping data for table `tbl_purchase`
--

INSERT INTO `tbl_purchase` (`pr_id`, `ref_number`, `item_id_fk`, `branch_id_fk`, `item_name`, `item_quantity`, `item_price`, `item_date`, `taxamount`, `item_total`, `grand_total`, `cc`, `brm`, `cm`, `fm`, `agm`, `pm`, `delivery`, `finaldelivery`, `reject`, `remark`, `order_file`, `pr_status`) VALUES
(1, 'CHERTHALA-7xW0w', 5, 2, 'BILL BOOK-DCL', 10, 60, '2020-09-11', 18, 708, 708, 0, 0, 0, 0, 0, 0, 0, 0, 0, 'ssss', 'CHERTHALA-7xW0w2020-09-11.pdf', 1),
(2, 'CHERTHALA-jcAE0', 4, 2, 'BILL BOOK CHITTY', 10, 75, '2020-09-11', 18, 885, 885, 0, 0, 0, 0, 0, 0, 0, 0, 0, 'pipnkl+', 'CHERTHALA-jcAE02020-09-11.pdf', 1);

-- --------------------------------------------------------

--
-- Table structure for table `tbl_purchase_approval`
--

DROP TABLE IF EXISTS `tbl_purchase_approval`;
CREATE TABLE IF NOT EXISTS `tbl_purchase_approval` (
  `approve_id` int(11) NOT NULL AUTO_INCREMENT,
  `pr_id_fk` int(11) NOT NULL,
  `su_id_fk` int(11) NOT NULL,
  `designation` int(11) NOT NULL,
  `is_approved` int(11) NOT NULL,
  `reject` int(11) NOT NULL,
  PRIMARY KEY (`approve_id`)
) ENGINE=MyISAM AUTO_INCREMENT=9 DEFAULT CHARSET=latin1;

--
-- Dumping data for table `tbl_purchase_approval`
--

INSERT INTO `tbl_purchase_approval` (`approve_id`, `pr_id_fk`, `su_id_fk`, `designation`, `is_approved`, `reject`) VALUES
(1, 1, 146, 4, 1, 0),
(2, 2, 146, 4, 0, 0),
(3, 3, 146, 4, 0, 0),
(4, 4, 146, 4, 1, 0),
(5, 6, 146, 4, 1, 0),
(6, 7, 142, 17, 0, 0),
(7, 7, 146, 4, 0, 0),
(8, 7, 161, 19, 0, 0);

-- --------------------------------------------------------

--
-- Table structure for table `tbl_request_item`
--

DROP TABLE IF EXISTS `tbl_request_item`;
CREATE TABLE IF NOT EXISTS `tbl_request_item` (
  `request_id` int(11) NOT NULL AUTO_INCREMENT,
  `item_id_fk` int(11) NOT NULL,
  `branch_id_fk` int(11) NOT NULL,
  `request_quantity` bigint(20) NOT NULL,
  `request_date` varchar(20) NOT NULL,
  `request_status` int(11) NOT NULL,
  PRIMARY KEY (`request_id`)
) ENGINE=MyISAM DEFAULT CHARSET=latin1;

-- --------------------------------------------------------

--
-- Table structure for table `tbl_return`
--

DROP TABLE IF EXISTS `tbl_return`;
CREATE TABLE IF NOT EXISTS `tbl_return` (
  `return_id` int(11) NOT NULL AUTO_INCREMENT,
  `user_id_fk` int(11) NOT NULL,
  `item_id_fk` int(11) NOT NULL,
  `branch_id_fk` int(11) NOT NULL,
  `item_quantity` bigint(20) NOT NULL,
  `return_date` date NOT NULL,
  `return_narration` text NOT NULL,
  `return_status` int(11) NOT NULL,
  PRIMARY KEY (`return_id`)
) ENGINE=InnoDB DEFAULT CHARSET=latin1;

-- --------------------------------------------------------

--
-- Table structure for table `tbl_returnproduct`
--

DROP TABLE IF EXISTS `tbl_returnproduct`;
CREATE TABLE IF NOT EXISTS `tbl_returnproduct` (
  `return_id` int(11) NOT NULL AUTO_INCREMENT,
  `branch_id_fk` int(11) NOT NULL,
  `item_id_fk` int(11) NOT NULL,
  `item_quantity` int(11) NOT NULL,
  `return_reason` varchar(50) NOT NULL,
  `return_date` date NOT NULL,
  `status` int(11) NOT NULL,
  `return_to_master` int(11) NOT NULL,
  `return_to_vendor` int(11) NOT NULL,
  PRIMARY KEY (`return_id`)
) ENGINE=MyISAM DEFAULT CHARSET=latin1;

-- --------------------------------------------------------

--
-- Table structure for table `tbl_rollusage`
--

DROP TABLE IF EXISTS `tbl_rollusage`;
CREATE TABLE IF NOT EXISTS `tbl_rollusage` (
  `usage_id` int(11) NOT NULL AUTO_INCREMENT,
  `user_id_fk` int(11) NOT NULL,
  `item_id_fk` int(11) NOT NULL,
  `branch_id_fk` int(11) NOT NULL,
  `file_name` varchar(50) NOT NULL,
  `exusage` double NOT NULL,
  `usage_date` date NOT NULL,
  `usage_status` int(11) NOT NULL,
  PRIMARY KEY (`usage_id`)
) ENGINE=InnoDB AUTO_INCREMENT=7 DEFAULT CHARSET=latin1;

--
-- Dumping data for table `tbl_rollusage`
--

INSERT INTO `tbl_rollusage` (`usage_id`, `user_id_fk`, `item_id_fk`, `branch_id_fk`, `file_name`, `exusage`, `usage_date`, `usage_status`) VALUES
(1, 20, 64, 8, '9265.txt', 71, '2018-05-07', 1),
(2, 20, 64, 8, '9266.txt', 71, '2018-05-07', 1),
(3, 122, 64, 8, '9267.txt', 71, '2018-05-07', 1),
(4, 20, 64, 8, '9268.txt', 71, '2018-05-12', 1),
(5, 20, 64, 8, '9269.txt', 71, '2018-05-12', 1),
(6, 6, 64, 1, 'Capture1.PNG', 106, '2020-06-09', 1);

-- --------------------------------------------------------

--
-- Table structure for table `tbl_rop`
--

DROP TABLE IF EXISTS `tbl_rop`;
CREATE TABLE IF NOT EXISTS `tbl_rop` (
  `rop_id` int(11) NOT NULL AUTO_INCREMENT,
  `item_id_fk` int(11) NOT NULL,
  `branch_id_fk` int(11) NOT NULL,
  `item_rop` bigint(20) NOT NULL,
  `status` int(11) NOT NULL,
  PRIMARY KEY (`rop_id`)
) ENGINE=InnoDB AUTO_INCREMENT=1803 DEFAULT CHARSET=latin1;

--
-- Dumping data for table `tbl_rop`
--

INSERT INTO `tbl_rop` (`rop_id`, `item_id_fk`, `branch_id_fk`, `item_rop`, `status`) VALUES
(1, 1, 1, 1000, 1),
(2, 2, 1, 50, 1),
(3, 2, 2, 50, 1),
(4, 2, 3, 0, 1),
(5, 2, 4, 40, 1),
(6, 2, 5, 0, 1),
(7, 2, 6, 0, 1),
(8, 2, 7, 0, 1),
(9, 2, 8, 0, 1),
(10, 2, 9, 0, 1),
(11, 2, 10, 0, 1),
(12, 3, 1, 0, 1),
(13, 3, 2, 0, 1),
(14, 3, 3, 42, 1),
(15, 3, 4, 0, 1),
(16, 3, 5, 0, 1),
(17, 3, 6, 0, 1),
(18, 3, 7, 0, 1),
(19, 3, 8, 0, 1),
(20, 3, 9, 0, 1),
(21, 3, 10, 0, 1),
(22, 4, 1, 0, 1),
(23, 4, 2, 2, 1),
(24, 4, 3, 0, 1),
(25, 4, 4, 0, 1),
(26, 4, 5, 0, 1),
(27, 4, 6, 0, 1),
(28, 4, 7, 0, 1),
(29, 4, 8, 0, 1),
(30, 4, 9, 0, 1),
(31, 4, 10, 0, 1),
(32, 5, 1, 0, 1),
(33, 5, 2, 0, 1),
(34, 5, 3, 0, 1),
(35, 5, 4, 0, 1),
(36, 5, 5, 0, 1),
(37, 5, 6, 0, 1),
(38, 5, 7, 0, 1),
(39, 5, 8, 0, 1),
(40, 5, 9, 0, 1),
(41, 5, 10, 0, 1),
(42, 6, 1, 0, 1),
(43, 6, 2, 0, 1),
(44, 6, 3, 0, 1),
(45, 6, 4, 0, 1),
(46, 6, 5, 0, 1),
(47, 6, 6, 0, 1),
(48, 6, 7, 0, 1),
(49, 6, 8, 0, 1),
(50, 6, 9, 0, 1),
(51, 6, 10, 0, 1),
(52, 7, 1, 0, 1),
(53, 7, 2, 0, 1),
(54, 7, 3, 0, 1),
(55, 7, 4, 0, 1),
(56, 7, 5, 0, 1),
(57, 7, 6, 0, 1),
(58, 7, 7, 0, 1),
(59, 7, 8, 0, 1),
(60, 7, 9, 0, 1),
(61, 7, 10, 0, 1),
(62, 8, 1, 66, 1),
(63, 8, 2, 100, 1),
(64, 8, 3, 0, 1),
(65, 8, 4, 0, 1),
(66, 8, 5, 0, 1),
(67, 8, 6, 0, 1),
(68, 8, 7, 0, 1),
(69, 8, 8, 0, 1),
(70, 8, 9, 0, 1),
(71, 8, 10, 0, 1),
(72, 9, 1, 0, 1),
(73, 9, 2, 25, 1),
(74, 9, 3, 0, 1),
(75, 9, 4, 0, 1),
(76, 9, 5, 50, 1),
(77, 9, 6, 0, 1),
(78, 9, 7, 0, 1),
(79, 9, 8, 0, 1),
(80, 9, 9, 0, 1),
(81, 9, 10, 0, 1),
(82, 10, 1, 0, 1),
(83, 10, 2, 60, 1),
(84, 10, 3, 0, 1),
(85, 10, 4, 0, 1),
(86, 10, 5, 0, 1),
(87, 10, 6, 0, 1),
(88, 10, 7, 0, 1),
(89, 10, 8, 0, 1),
(90, 10, 9, 0, 1),
(91, 10, 10, 0, 1),
(92, 11, 1, 0, 1),
(93, 11, 2, 0, 1),
(94, 11, 3, 0, 1),
(95, 11, 4, 0, 1),
(96, 11, 5, 0, 1),
(97, 11, 6, 0, 1),
(98, 11, 7, 0, 1),
(99, 11, 8, 0, 1),
(100, 11, 9, 0, 1),
(101, 11, 10, 0, 1),
(102, 12, 1, 0, 1),
(103, 12, 2, 0, 1),
(104, 12, 3, 0, 1),
(105, 12, 4, 0, 1),
(106, 12, 5, 0, 1),
(107, 12, 6, 0, 1),
(108, 12, 7, 0, 1),
(109, 12, 8, 0, 1),
(110, 12, 9, 0, 1),
(111, 12, 10, 0, 1),
(112, 13, 1, 0, 1),
(113, 13, 2, 0, 1),
(114, 13, 3, 0, 1),
(115, 13, 4, 0, 1),
(116, 13, 5, 0, 1),
(117, 13, 6, 0, 1),
(118, 13, 7, 0, 1),
(119, 13, 8, 0, 1),
(120, 13, 9, 0, 1),
(121, 13, 10, 0, 1),
(122, 14, 1, 0, 1),
(123, 14, 2, 0, 1),
(124, 14, 3, 0, 1),
(125, 14, 4, 0, 1),
(126, 14, 5, 0, 1),
(127, 14, 6, 0, 1),
(128, 14, 7, 0, 1),
(129, 14, 8, 0, 1),
(130, 14, 9, 0, 1),
(131, 14, 10, 0, 1),
(132, 15, 1, 0, 1),
(133, 15, 2, 0, 1),
(134, 15, 3, 0, 1),
(135, 15, 4, 0, 1),
(136, 15, 5, 0, 1),
(137, 15, 6, 0, 1),
(138, 15, 7, 0, 1),
(139, 15, 8, 0, 1),
(140, 15, 9, 0, 1),
(141, 15, 10, 0, 1),
(142, 16, 1, 0, 1),
(143, 16, 2, 0, 1),
(144, 16, 3, 0, 1),
(145, 16, 4, 0, 1),
(146, 16, 5, 0, 1),
(147, 16, 6, 0, 1),
(148, 16, 7, 0, 1),
(149, 16, 8, 0, 1),
(150, 16, 9, 0, 1),
(151, 16, 10, 0, 1),
(152, 17, 1, 0, 1),
(153, 17, 2, 0, 1),
(154, 17, 3, 0, 1),
(155, 17, 4, 0, 1),
(156, 17, 5, 0, 1),
(157, 17, 6, 0, 1),
(158, 17, 7, 0, 1),
(159, 17, 8, 0, 1),
(160, 17, 9, 0, 1),
(161, 17, 10, 0, 1),
(162, 18, 1, 0, 1),
(163, 18, 2, 0, 1),
(164, 18, 3, 0, 1),
(165, 18, 4, 0, 1),
(166, 18, 5, 0, 1),
(167, 18, 6, 0, 1),
(168, 18, 7, 0, 1),
(169, 18, 8, 0, 1),
(170, 18, 9, 0, 1),
(171, 18, 10, 0, 1),
(172, 19, 1, 0, 1),
(173, 19, 2, 0, 1),
(174, 19, 3, 0, 1),
(175, 19, 4, 0, 1),
(176, 19, 5, 0, 1),
(177, 19, 6, 0, 1),
(178, 19, 7, 0, 1),
(179, 19, 8, 0, 1),
(180, 19, 9, 0, 1),
(181, 19, 10, 0, 1),
(182, 20, 1, 0, 1),
(183, 20, 2, 0, 1),
(184, 20, 3, 0, 1),
(185, 20, 4, 0, 1),
(186, 20, 5, 0, 1),
(187, 20, 6, 0, 1),
(188, 20, 7, 0, 1),
(189, 20, 8, 0, 1),
(190, 20, 9, 0, 1),
(191, 20, 10, 0, 1),
(192, 21, 1, 0, 1),
(193, 21, 2, 0, 1),
(194, 21, 3, 0, 1),
(195, 21, 4, 0, 1),
(196, 21, 5, 0, 1),
(197, 21, 6, 0, 1),
(198, 21, 7, 0, 1),
(199, 21, 8, 0, 1),
(200, 21, 9, 0, 1),
(201, 21, 10, 0, 1),
(202, 22, 1, 0, 1),
(203, 22, 2, 0, 1),
(204, 22, 3, 0, 1),
(205, 22, 4, 0, 1),
(206, 22, 5, 0, 1),
(207, 22, 6, 0, 1),
(208, 22, 7, 0, 1),
(209, 22, 8, 0, 1),
(210, 22, 9, 0, 1),
(211, 22, 10, 0, 1),
(212, 23, 1, 0, 1),
(213, 23, 2, 0, 1),
(214, 23, 3, 0, 1),
(215, 23, 4, 0, 1),
(216, 23, 5, 0, 1),
(217, 23, 6, 0, 1),
(218, 23, 7, 0, 1),
(219, 23, 8, 0, 1),
(220, 23, 9, 0, 1),
(221, 23, 10, 0, 1),
(222, 24, 1, 0, 1),
(223, 24, 2, 0, 1),
(224, 24, 3, 0, 1),
(225, 24, 4, 0, 1),
(226, 24, 5, 0, 1),
(227, 24, 6, 0, 1),
(228, 24, 7, 0, 1),
(229, 24, 8, 0, 1),
(230, 24, 9, 0, 1),
(231, 24, 10, 0, 1),
(232, 25, 1, 0, 1),
(233, 25, 2, 0, 1),
(234, 25, 3, 0, 1),
(235, 25, 4, 0, 1),
(236, 25, 5, 0, 1),
(237, 25, 6, 0, 1),
(238, 25, 7, 0, 1),
(239, 25, 8, 0, 1),
(240, 25, 9, 0, 1),
(241, 25, 10, 0, 1),
(242, 26, 1, 0, 1),
(243, 26, 2, 0, 1),
(244, 26, 3, 0, 1),
(245, 26, 4, 0, 1),
(246, 26, 5, 0, 1),
(247, 26, 6, 0, 1),
(248, 26, 7, 0, 1),
(249, 26, 8, 0, 1),
(250, 26, 9, 0, 1),
(251, 26, 10, 0, 1),
(252, 27, 1, 0, 1),
(253, 27, 2, 0, 1),
(254, 27, 3, 0, 1),
(255, 27, 4, 0, 1),
(256, 27, 5, 0, 1),
(257, 27, 6, 0, 1),
(258, 27, 7, 0, 1),
(259, 27, 8, 0, 1),
(260, 27, 9, 0, 1),
(261, 27, 10, 0, 1),
(262, 28, 1, 0, 1),
(263, 28, 2, 0, 1),
(264, 28, 3, 0, 1),
(265, 28, 4, 0, 1),
(266, 28, 5, 0, 1),
(267, 28, 6, 0, 1),
(268, 28, 7, 0, 1),
(269, 28, 8, 0, 1),
(270, 28, 9, 0, 1),
(271, 28, 10, 0, 1),
(272, 29, 1, 0, 1),
(273, 29, 2, 0, 1),
(274, 29, 3, 0, 1),
(275, 29, 4, 0, 1),
(276, 29, 5, 0, 1),
(277, 29, 6, 0, 1),
(278, 29, 7, 0, 1),
(279, 29, 8, 0, 1),
(280, 29, 9, 0, 1),
(281, 29, 10, 0, 1),
(282, 30, 1, 0, 1),
(283, 30, 2, 0, 1),
(284, 30, 3, 0, 1),
(285, 30, 4, 0, 1),
(286, 30, 5, 0, 1),
(287, 30, 6, 0, 1),
(288, 30, 7, 0, 1),
(289, 30, 8, 0, 1),
(290, 30, 9, 0, 1),
(291, 30, 10, 0, 1),
(292, 31, 1, 50, 1),
(293, 31, 2, 0, 1),
(294, 31, 3, 0, 1),
(295, 31, 4, 0, 1),
(296, 31, 5, 0, 1),
(297, 31, 6, 0, 1),
(298, 31, 7, 0, 1),
(299, 31, 8, 0, 1),
(300, 31, 9, 0, 1),
(301, 31, 10, 0, 1),
(302, 32, 1, 30, 1),
(303, 32, 2, 0, 1),
(304, 32, 3, 0, 1),
(305, 32, 4, 0, 1),
(306, 32, 5, 0, 1),
(307, 32, 6, 0, 1),
(308, 32, 7, 0, 1),
(309, 32, 8, 0, 1),
(310, 32, 9, 0, 1),
(311, 32, 10, 0, 1),
(312, 33, 1, 23, 1),
(313, 33, 2, 0, 1),
(314, 33, 3, 0, 1),
(315, 33, 4, 0, 1),
(316, 33, 5, 0, 1),
(317, 33, 6, 0, 1),
(318, 33, 7, 0, 1),
(319, 33, 8, 0, 1),
(320, 33, 9, 0, 1),
(321, 33, 10, 0, 1),
(322, 34, 1, 36, 1),
(323, 34, 2, 0, 1),
(324, 34, 3, 0, 1),
(325, 34, 4, 0, 1),
(326, 34, 5, 0, 1),
(327, 34, 6, 0, 1),
(328, 34, 7, 0, 1),
(329, 34, 8, 0, 1),
(330, 34, 9, 0, 1),
(331, 34, 10, 0, 1),
(332, 35, 1, 100, 1),
(333, 35, 2, 0, 1),
(334, 35, 3, 0, 1),
(335, 35, 4, 0, 1),
(336, 35, 5, 0, 1),
(337, 35, 6, 0, 1),
(338, 35, 7, 0, 1),
(339, 35, 8, 0, 1),
(340, 35, 9, 0, 1),
(341, 35, 10, 0, 1),
(342, 36, 1, 0, 1),
(343, 36, 2, 0, 1),
(344, 36, 3, 0, 1),
(345, 36, 4, 0, 1),
(346, 36, 5, 0, 1),
(347, 36, 6, 0, 1),
(348, 36, 7, 0, 1),
(349, 36, 8, 0, 1),
(350, 36, 9, 0, 1),
(351, 36, 10, 0, 1),
(352, 37, 1, 0, 1),
(353, 37, 2, 0, 1),
(354, 37, 3, 0, 1),
(355, 37, 4, 0, 1),
(356, 37, 5, 0, 1),
(357, 37, 6, 0, 1),
(358, 37, 7, 0, 1),
(359, 37, 8, 0, 1),
(360, 37, 9, 0, 1),
(361, 37, 10, 0, 1),
(362, 38, 1, 0, 1),
(363, 38, 2, 0, 1),
(364, 38, 3, 0, 1),
(365, 38, 4, 0, 1),
(366, 38, 5, 0, 1),
(367, 38, 6, 0, 1),
(368, 38, 7, 0, 1),
(369, 38, 8, 0, 1),
(370, 38, 9, 0, 1),
(371, 38, 10, 0, 1),
(372, 39, 1, 0, 1),
(373, 39, 2, 0, 1),
(374, 39, 3, 0, 1),
(375, 39, 4, 0, 1),
(376, 39, 5, 0, 1),
(377, 39, 6, 0, 1),
(378, 39, 7, 0, 1),
(379, 39, 8, 0, 1),
(380, 39, 9, 0, 1),
(381, 39, 10, 0, 1),
(382, 40, 1, 0, 1),
(383, 40, 2, 0, 1),
(384, 40, 3, 0, 1),
(385, 40, 4, 0, 1),
(386, 40, 5, 0, 1),
(387, 40, 6, 0, 1),
(388, 40, 7, 0, 1),
(389, 40, 8, 0, 1),
(390, 40, 9, 0, 1),
(391, 40, 10, 0, 1),
(392, 41, 1, 0, 1),
(393, 41, 2, 0, 1),
(394, 41, 3, 0, 1),
(395, 41, 4, 0, 1),
(396, 41, 5, 0, 1),
(397, 41, 6, 0, 1),
(398, 41, 7, 0, 1),
(399, 41, 8, 0, 1),
(400, 41, 9, 0, 1),
(401, 41, 10, 0, 1),
(402, 42, 1, 0, 1),
(403, 42, 2, 0, 1),
(404, 42, 3, 0, 1),
(405, 42, 4, 0, 1),
(406, 42, 5, 0, 1),
(407, 42, 6, 0, 1),
(408, 42, 7, 0, 1),
(409, 42, 8, 0, 1),
(410, 42, 9, 0, 1),
(411, 42, 10, 0, 1),
(412, 43, 1, 0, 1),
(413, 43, 2, 0, 1),
(414, 43, 3, 0, 1),
(415, 43, 4, 0, 1),
(416, 43, 5, 0, 1),
(417, 43, 6, 0, 1),
(418, 43, 7, 0, 1),
(419, 43, 8, 0, 1),
(420, 43, 9, 0, 1),
(421, 43, 10, 0, 1),
(422, 44, 1, 0, 1),
(423, 44, 2, 0, 1),
(424, 44, 3, 0, 1),
(425, 44, 4, 0, 1),
(426, 44, 5, 0, 1),
(427, 44, 6, 0, 1),
(428, 44, 7, 0, 1),
(429, 44, 8, 0, 1),
(430, 44, 9, 0, 1),
(431, 44, 10, 0, 1),
(432, 45, 1, 0, 1),
(433, 45, 2, 0, 1),
(434, 45, 3, 0, 1),
(435, 45, 4, 0, 1),
(436, 45, 5, 0, 1),
(437, 45, 6, 0, 1),
(438, 45, 7, 0, 1),
(439, 45, 8, 0, 1),
(440, 45, 9, 0, 1),
(441, 45, 10, 0, 1),
(442, 46, 1, 0, 1),
(443, 46, 2, 0, 1),
(444, 46, 3, 0, 1),
(445, 46, 4, 0, 1),
(446, 46, 5, 0, 1),
(447, 46, 6, 0, 1),
(448, 46, 7, 0, 1),
(449, 46, 8, 0, 1),
(450, 46, 9, 0, 1),
(451, 46, 10, 0, 1),
(452, 47, 1, 0, 1),
(453, 47, 2, 0, 1),
(454, 47, 3, 0, 1),
(455, 47, 4, 0, 1),
(456, 47, 5, 0, 1),
(457, 47, 6, 0, 1),
(458, 47, 7, 0, 1),
(459, 47, 8, 0, 1),
(460, 47, 9, 0, 1),
(461, 47, 10, 0, 1),
(462, 48, 1, 0, 1),
(463, 48, 2, 0, 1),
(464, 48, 3, 0, 1),
(465, 48, 4, 0, 1),
(466, 48, 5, 0, 1),
(467, 48, 6, 0, 1),
(468, 48, 7, 0, 1),
(469, 48, 8, 0, 1),
(470, 48, 9, 0, 1),
(471, 48, 10, 0, 1),
(472, 49, 1, 0, 1),
(473, 49, 2, 0, 1),
(474, 49, 3, 0, 1),
(475, 49, 4, 0, 1),
(476, 49, 5, 0, 1),
(477, 49, 6, 0, 1),
(478, 49, 7, 0, 1),
(479, 49, 8, 0, 1),
(480, 49, 9, 0, 1),
(481, 49, 10, 0, 1),
(482, 50, 1, 0, 1),
(483, 50, 2, 0, 1),
(484, 50, 3, 0, 1),
(485, 50, 4, 0, 1),
(486, 50, 5, 0, 1),
(487, 50, 6, 0, 1),
(488, 50, 7, 0, 1),
(489, 50, 8, 0, 1),
(490, 50, 9, 0, 1),
(491, 50, 10, 0, 1),
(492, 51, 1, 0, 1),
(493, 51, 2, 0, 1),
(494, 51, 3, 0, 1),
(495, 51, 4, 0, 1),
(496, 51, 5, 0, 1),
(497, 51, 6, 0, 1),
(498, 51, 7, 0, 1),
(499, 51, 8, 0, 1),
(500, 51, 9, 0, 1),
(501, 51, 10, 0, 1),
(502, 52, 1, 0, 1),
(503, 52, 2, 0, 1),
(504, 52, 3, 0, 1),
(505, 52, 4, 0, 1),
(506, 52, 5, 0, 1),
(507, 52, 6, 0, 1),
(508, 52, 7, 0, 1),
(509, 52, 8, 0, 1),
(510, 52, 9, 0, 1),
(511, 52, 10, 0, 1),
(512, 53, 1, 0, 1),
(513, 53, 2, 0, 1),
(514, 53, 3, 0, 1),
(515, 53, 4, 0, 1),
(516, 53, 5, 0, 1),
(517, 53, 6, 0, 1),
(518, 53, 7, 0, 1),
(519, 53, 8, 0, 1),
(520, 53, 9, 0, 1),
(521, 53, 10, 0, 1),
(522, 54, 1, 0, 1),
(523, 54, 2, 0, 1),
(524, 54, 3, 0, 1),
(525, 54, 4, 0, 1),
(526, 54, 5, 0, 1),
(527, 54, 6, 0, 1),
(528, 54, 7, 0, 1),
(529, 54, 8, 0, 1),
(530, 54, 9, 0, 1),
(531, 54, 10, 0, 1),
(532, 55, 1, 0, 1),
(533, 55, 2, 0, 1),
(534, 55, 3, 0, 1),
(535, 55, 4, 0, 1),
(536, 55, 5, 0, 1),
(537, 55, 6, 0, 1),
(538, 55, 7, 0, 1),
(539, 55, 8, 0, 1),
(540, 55, 9, 0, 1),
(541, 55, 10, 0, 1),
(542, 56, 1, 0, 1),
(543, 56, 2, 0, 1),
(544, 56, 3, 0, 1),
(545, 56, 4, 0, 1),
(546, 56, 5, 0, 1),
(547, 56, 6, 0, 1),
(548, 56, 7, 0, 1),
(549, 56, 8, 0, 1),
(550, 56, 9, 0, 1),
(551, 56, 10, 0, 1),
(552, 57, 1, 0, 1),
(553, 57, 2, 0, 1),
(554, 57, 3, 0, 1),
(555, 57, 4, 0, 1),
(556, 57, 5, 0, 1),
(557, 57, 6, 0, 1),
(558, 57, 7, 0, 1),
(559, 57, 8, 0, 1),
(560, 57, 9, 0, 1),
(561, 57, 10, 0, 1),
(562, 58, 1, 0, 1),
(563, 58, 2, 0, 1),
(564, 58, 3, 0, 1),
(565, 58, 4, 0, 1),
(566, 58, 5, 0, 1),
(567, 58, 6, 0, 1),
(568, 58, 7, 0, 1),
(569, 58, 8, 0, 1),
(570, 58, 9, 0, 1),
(571, 58, 10, 0, 1),
(572, 59, 1, 0, 1),
(573, 59, 2, 0, 1),
(574, 59, 3, 0, 1),
(575, 59, 4, 0, 1),
(576, 59, 5, 0, 1),
(577, 59, 6, 0, 1),
(578, 59, 7, 0, 1),
(579, 59, 8, 0, 1),
(580, 59, 9, 0, 1),
(581, 59, 10, 0, 1),
(582, 60, 1, 0, 1),
(583, 60, 2, 0, 1),
(584, 60, 3, 0, 1),
(585, 60, 4, 0, 1),
(586, 60, 5, 0, 1),
(587, 60, 6, 0, 1),
(588, 60, 7, 0, 1),
(589, 60, 8, 0, 1),
(590, 60, 9, 0, 1),
(591, 60, 10, 0, 1),
(592, 61, 1, 0, 1),
(593, 61, 2, 0, 1),
(594, 61, 3, 0, 1),
(595, 61, 4, 0, 1),
(596, 61, 5, 0, 1),
(597, 61, 6, 0, 1),
(598, 61, 7, 0, 1),
(599, 61, 8, 0, 1),
(600, 61, 9, 0, 1),
(601, 61, 10, 2, 1),
(602, 62, 1, 0, 1),
(603, 62, 2, 0, 1),
(604, 62, 3, 0, 1),
(605, 62, 4, 0, 1),
(606, 62, 5, 0, 1),
(607, 62, 6, 0, 1),
(608, 62, 7, 0, 1),
(609, 62, 8, 0, 1),
(610, 62, 9, 0, 1),
(611, 62, 10, 0, 1),
(612, 63, 1, 40, 1),
(613, 63, 2, 0, 1),
(614, 63, 3, 0, 1),
(615, 63, 4, 0, 1),
(616, 63, 5, 0, 1),
(617, 63, 6, 0, 1),
(618, 63, 7, 0, 1),
(619, 63, 8, 0, 1),
(620, 63, 9, 0, 1),
(621, 63, 10, 0, 1),
(622, 64, 1, 0, 1),
(623, 64, 2, 0, 1),
(624, 64, 3, 0, 1),
(625, 64, 4, 0, 1),
(626, 64, 5, 0, 1),
(627, 64, 6, 0, 1),
(628, 64, 7, 0, 1),
(629, 64, 8, 0, 1),
(630, 64, 9, 0, 1),
(631, 64, 10, 0, 1),
(632, 65, 1, 40, 1),
(633, 65, 2, 0, 1),
(634, 65, 3, 0, 1),
(635, 65, 4, 0, 1),
(636, 65, 5, 0, 1),
(637, 65, 6, 0, 1),
(638, 65, 7, 0, 1),
(639, 65, 8, 0, 1),
(640, 65, 9, 0, 1),
(641, 65, 10, 0, 1),
(642, 66, 1, 0, 1),
(643, 66, 2, 0, 1),
(644, 66, 3, 0, 1),
(645, 66, 4, 0, 1),
(646, 66, 5, 0, 1),
(647, 66, 6, 0, 1),
(648, 66, 7, 0, 1),
(649, 66, 8, 0, 1),
(650, 66, 9, 0, 1),
(651, 66, 10, 0, 1),
(652, 67, 1, 0, 1),
(653, 67, 2, 0, 1),
(654, 67, 3, 0, 1),
(655, 67, 4, 0, 1),
(656, 67, 5, 0, 1),
(657, 67, 6, 0, 1),
(658, 67, 7, 0, 1),
(659, 67, 8, 0, 1),
(660, 67, 9, 0, 1),
(661, 67, 10, 0, 1),
(662, 68, 1, 0, 1),
(663, 68, 2, 0, 1),
(664, 68, 3, 0, 1),
(665, 68, 4, 0, 1),
(666, 68, 5, 0, 1),
(667, 68, 6, 0, 1),
(668, 68, 7, 0, 1),
(669, 68, 8, 0, 1),
(670, 68, 9, 0, 1),
(671, 68, 10, 0, 1),
(672, 69, 1, 0, 1),
(673, 69, 2, 0, 1),
(674, 69, 3, 0, 1),
(675, 69, 4, 0, 1),
(676, 69, 5, 0, 1),
(677, 69, 6, 0, 1),
(678, 69, 7, 0, 1),
(679, 69, 8, 0, 1),
(680, 69, 9, 0, 1),
(681, 69, 10, 0, 1),
(682, 70, 1, 0, 1),
(683, 70, 2, 0, 1),
(684, 70, 3, 0, 1),
(685, 70, 4, 0, 1),
(686, 70, 5, 0, 1),
(687, 70, 6, 0, 1),
(688, 70, 7, 0, 1),
(689, 70, 8, 0, 1),
(690, 70, 9, 0, 1),
(691, 70, 10, 0, 1),
(692, 71, 1, 0, 1),
(693, 71, 2, 0, 1),
(694, 71, 3, 0, 1),
(695, 71, 4, 0, 1),
(696, 71, 5, 0, 1),
(697, 71, 6, 0, 1),
(698, 71, 7, 0, 1),
(699, 71, 8, 0, 1),
(700, 71, 9, 0, 1),
(701, 71, 10, 0, 1),
(702, 72, 1, 0, 1),
(703, 72, 2, 0, 1),
(704, 72, 3, 0, 1),
(705, 72, 4, 0, 1),
(706, 72, 5, 0, 1),
(707, 72, 6, 0, 1),
(708, 72, 7, 0, 1),
(709, 72, 8, 0, 1),
(710, 72, 9, 0, 1),
(711, 72, 10, 0, 1),
(712, 73, 1, 0, 1),
(713, 73, 2, 0, 1),
(714, 73, 3, 0, 1),
(715, 73, 4, 0, 1),
(716, 73, 5, 0, 1),
(717, 73, 6, 0, 1),
(718, 73, 7, 0, 1),
(719, 73, 8, 0, 1),
(720, 73, 9, 0, 1),
(721, 73, 10, 0, 1),
(722, 74, 1, 0, 1),
(723, 74, 2, 0, 1),
(724, 74, 3, 0, 1),
(725, 74, 4, 0, 1),
(726, 74, 5, 0, 1),
(727, 74, 6, 0, 1),
(728, 74, 7, 0, 1),
(729, 74, 8, 0, 1),
(730, 74, 9, 0, 1),
(731, 74, 10, 0, 1),
(732, 75, 1, 0, 1),
(733, 75, 2, 0, 1),
(734, 75, 3, 0, 1),
(735, 75, 4, 0, 1),
(736, 75, 5, 0, 1),
(737, 75, 6, 0, 1),
(738, 75, 7, 0, 1),
(739, 75, 8, 0, 1),
(740, 75, 9, 0, 1),
(741, 75, 10, 0, 1),
(742, 76, 1, 0, 1),
(743, 76, 2, 0, 1),
(744, 76, 3, 0, 1),
(745, 76, 4, 0, 1),
(746, 76, 5, 0, 1),
(747, 76, 6, 0, 1),
(748, 76, 7, 0, 1),
(749, 76, 8, 0, 1),
(750, 76, 9, 0, 1),
(751, 76, 10, 0, 1),
(752, 77, 1, 0, 1),
(753, 77, 2, 0, 1),
(754, 77, 3, 0, 1),
(755, 77, 4, 0, 1),
(756, 77, 5, 0, 1),
(757, 77, 6, 0, 1),
(758, 77, 7, 0, 1),
(759, 77, 8, 0, 1),
(760, 77, 9, 0, 1),
(761, 77, 10, 0, 1),
(762, 78, 1, 0, 1),
(763, 78, 2, 0, 1),
(764, 78, 3, 0, 1),
(765, 78, 4, 0, 1),
(766, 78, 5, 0, 1),
(767, 78, 6, 0, 1),
(768, 78, 7, 0, 1),
(769, 78, 8, 0, 1),
(770, 78, 9, 0, 1),
(771, 78, 10, 0, 1),
(772, 79, 1, 0, 1),
(773, 79, 2, 0, 1),
(774, 79, 3, 0, 1),
(775, 79, 4, 0, 1),
(776, 79, 5, 0, 1),
(777, 79, 6, 0, 1),
(778, 79, 7, 0, 1),
(779, 79, 8, 0, 1),
(780, 79, 9, 0, 1),
(781, 79, 10, 0, 1),
(782, 80, 1, 0, 1),
(783, 80, 2, 0, 1),
(784, 80, 3, 0, 1),
(785, 80, 4, 0, 1),
(786, 80, 5, 0, 1),
(787, 80, 6, 0, 1),
(788, 80, 7, 0, 1),
(789, 80, 8, 0, 1),
(790, 80, 9, 0, 1),
(791, 80, 10, 0, 1),
(792, 81, 1, 0, 1),
(793, 81, 2, 0, 1),
(794, 81, 3, 0, 1),
(795, 81, 4, 0, 1),
(796, 81, 5, 0, 1),
(797, 81, 6, 0, 1),
(798, 81, 7, 0, 1),
(799, 81, 8, 0, 1),
(800, 81, 9, 0, 1),
(801, 81, 10, 0, 1),
(802, 82, 1, 0, 1),
(803, 82, 2, 0, 1),
(804, 82, 3, 0, 1),
(805, 82, 4, 0, 1),
(806, 82, 5, 0, 1),
(807, 82, 6, 0, 1),
(808, 82, 7, 0, 1),
(809, 82, 8, 0, 1),
(810, 82, 9, 0, 1),
(811, 82, 10, 0, 1),
(812, 83, 1, 0, 1),
(813, 83, 2, 0, 1),
(814, 83, 3, 0, 1),
(815, 83, 4, 0, 1),
(816, 83, 5, 0, 1),
(817, 83, 6, 0, 1),
(818, 83, 7, 0, 1),
(819, 83, 8, 0, 1),
(820, 83, 9, 0, 1),
(821, 83, 10, 0, 1),
(822, 84, 1, 0, 1),
(823, 84, 2, 0, 1),
(824, 84, 3, 0, 1),
(825, 84, 4, 0, 1),
(826, 84, 5, 0, 1),
(827, 84, 6, 0, 1),
(828, 84, 7, 0, 1),
(829, 84, 8, 0, 1),
(830, 84, 9, 0, 1),
(831, 84, 10, 0, 1),
(832, 85, 1, 0, 1),
(833, 85, 2, 0, 1),
(834, 85, 3, 0, 1),
(835, 85, 4, 0, 1),
(836, 85, 5, 0, 1),
(837, 85, 6, 0, 1),
(838, 85, 7, 0, 1),
(839, 85, 8, 0, 1),
(840, 85, 9, 0, 1),
(841, 85, 10, 0, 1),
(842, 86, 1, 0, 1),
(843, 86, 2, 0, 1),
(844, 86, 3, 0, 1),
(845, 86, 4, 0, 1),
(846, 86, 5, 0, 1),
(847, 86, 6, 0, 1),
(848, 86, 7, 0, 1),
(849, 86, 8, 0, 1),
(850, 86, 9, 0, 1),
(851, 86, 10, 0, 1),
(852, 87, 1, 0, 1),
(853, 87, 2, 0, 1),
(854, 87, 3, 0, 1),
(855, 87, 4, 0, 1),
(856, 87, 5, 0, 1),
(857, 87, 6, 0, 1),
(858, 87, 7, 0, 1),
(859, 87, 8, 0, 1),
(860, 87, 9, 0, 1),
(861, 87, 10, 0, 1),
(862, 88, 1, 0, 1),
(863, 88, 2, 0, 1),
(864, 88, 3, 0, 1),
(865, 88, 4, 0, 1),
(866, 88, 5, 0, 1),
(867, 88, 6, 0, 1),
(868, 88, 7, 0, 1),
(869, 88, 8, 0, 1),
(870, 88, 9, 0, 1),
(871, 88, 10, 0, 1),
(872, 89, 1, 0, 1),
(873, 89, 2, 0, 1),
(874, 89, 3, 0, 1),
(875, 89, 4, 0, 1),
(876, 89, 5, 0, 1),
(877, 89, 6, 0, 1),
(878, 89, 7, 0, 1),
(879, 89, 8, 0, 1),
(880, 89, 9, 0, 1),
(881, 89, 10, 0, 1),
(882, 90, 1, 0, 1),
(883, 90, 2, 0, 1),
(884, 90, 3, 0, 1),
(885, 90, 4, 0, 1),
(886, 90, 5, 0, 1),
(887, 90, 6, 0, 1),
(888, 90, 7, 0, 1),
(889, 90, 8, 0, 1),
(890, 90, 9, 0, 1),
(891, 90, 10, 0, 1),
(892, 91, 1, 0, 1),
(893, 91, 2, 0, 1),
(894, 91, 3, 0, 1),
(895, 91, 4, 0, 1),
(896, 91, 5, 0, 1),
(897, 91, 6, 0, 1),
(898, 91, 7, 0, 1),
(899, 91, 8, 0, 1),
(900, 91, 9, 0, 1),
(901, 91, 10, 0, 1),
(902, 92, 1, 0, 1),
(903, 92, 2, 0, 1),
(904, 92, 3, 0, 1),
(905, 92, 4, 0, 1),
(906, 92, 5, 0, 1),
(907, 92, 6, 0, 1),
(908, 92, 7, 0, 1),
(909, 92, 8, 0, 1),
(910, 92, 9, 0, 1),
(911, 92, 10, 0, 1),
(912, 93, 1, 0, 1),
(913, 93, 2, 0, 1),
(914, 93, 3, 0, 1),
(915, 93, 4, 0, 1),
(916, 93, 5, 0, 1),
(917, 93, 6, 0, 1),
(918, 93, 7, 0, 1),
(919, 93, 8, 0, 1),
(920, 93, 9, 0, 1),
(921, 93, 10, 0, 1),
(922, 94, 1, 0, 1),
(923, 94, 2, 0, 1),
(924, 94, 3, 0, 1),
(925, 94, 4, 0, 1),
(926, 94, 5, 0, 1),
(927, 94, 6, 0, 1),
(928, 94, 7, 0, 1),
(929, 94, 8, 0, 1),
(930, 94, 9, 0, 1),
(931, 94, 10, 0, 1),
(932, 95, 1, 0, 1),
(933, 95, 2, 0, 1),
(934, 95, 3, 0, 1),
(935, 95, 4, 0, 1),
(936, 95, 5, 0, 1),
(937, 95, 6, 0, 1),
(938, 95, 7, 0, 1),
(939, 95, 8, 0, 1),
(940, 95, 9, 0, 1),
(941, 95, 10, 2, 1),
(942, 96, 1, 0, 1),
(943, 96, 2, 0, 1),
(944, 96, 3, 0, 1),
(945, 96, 4, 0, 1),
(946, 96, 5, 0, 1),
(947, 96, 6, 0, 1),
(948, 96, 7, 0, 1),
(949, 96, 8, 0, 1),
(950, 96, 9, 0, 1),
(951, 96, 10, 0, 1),
(952, 97, 1, 0, 1),
(953, 97, 2, 0, 1),
(954, 97, 3, 0, 1),
(955, 97, 4, 0, 1),
(956, 97, 5, 0, 1),
(957, 97, 6, 0, 1),
(958, 97, 7, 0, 1),
(959, 97, 8, 0, 1),
(960, 97, 9, 0, 1),
(961, 97, 10, 0, 1),
(962, 98, 1, 0, 1),
(963, 98, 2, 0, 1),
(964, 98, 3, 0, 1),
(965, 98, 4, 0, 1),
(966, 98, 5, 0, 1),
(967, 98, 6, 0, 1),
(968, 98, 7, 0, 1),
(969, 98, 8, 0, 1),
(970, 98, 9, 0, 1),
(971, 98, 10, 0, 1),
(972, 99, 1, 0, 1),
(973, 99, 2, 0, 1),
(974, 99, 3, 0, 1),
(975, 99, 4, 0, 1),
(976, 99, 5, 0, 1),
(977, 99, 6, 0, 1),
(978, 99, 7, 0, 1),
(979, 99, 8, 0, 1),
(980, 99, 9, 0, 1),
(981, 99, 10, 0, 1),
(982, 100, 1, 0, 1),
(983, 100, 2, 0, 1),
(984, 100, 3, 0, 1),
(985, 100, 4, 0, 1),
(986, 100, 5, 0, 1),
(987, 100, 6, 0, 1),
(988, 100, 7, 0, 1),
(989, 100, 8, 0, 1),
(990, 100, 9, 0, 1),
(991, 100, 10, 0, 1),
(992, 101, 1, 0, 1),
(993, 101, 2, 0, 1),
(994, 101, 3, 0, 1),
(995, 101, 4, 0, 1),
(996, 101, 5, 0, 1),
(997, 101, 6, 0, 1),
(998, 101, 7, 0, 1),
(999, 101, 8, 0, 1),
(1000, 101, 9, 0, 1),
(1001, 101, 10, 0, 1),
(1002, 102, 1, 0, 1),
(1003, 102, 2, 0, 1),
(1004, 102, 3, 0, 1),
(1005, 102, 4, 0, 1),
(1006, 102, 5, 0, 1),
(1007, 102, 6, 0, 1),
(1008, 102, 7, 0, 1),
(1009, 102, 8, 0, 1),
(1010, 102, 9, 0, 1),
(1011, 102, 10, 0, 1),
(1012, 103, 1, 0, 1),
(1013, 103, 2, 0, 1),
(1014, 103, 3, 0, 1),
(1015, 103, 4, 0, 1),
(1016, 103, 5, 0, 1),
(1017, 103, 6, 0, 1),
(1018, 103, 7, 0, 1),
(1019, 103, 8, 0, 1),
(1020, 103, 9, 0, 1),
(1021, 103, 10, 0, 1),
(1022, 104, 1, 0, 1),
(1023, 104, 2, 0, 1),
(1024, 104, 3, 0, 1),
(1025, 104, 4, 0, 1),
(1026, 104, 5, 0, 1),
(1027, 104, 6, 0, 1),
(1028, 104, 7, 0, 1),
(1029, 104, 8, 0, 1),
(1030, 104, 9, 0, 1),
(1031, 104, 10, 0, 1),
(1032, 105, 1, 0, 1),
(1033, 105, 2, 0, 1),
(1034, 105, 3, 0, 1),
(1035, 105, 4, 0, 1),
(1036, 105, 5, 0, 1),
(1037, 105, 6, 0, 1),
(1038, 105, 7, 0, 1),
(1039, 105, 8, 0, 1),
(1040, 105, 9, 0, 1),
(1041, 105, 10, 0, 1),
(1042, 106, 1, 0, 1),
(1043, 106, 2, 0, 1),
(1044, 106, 3, 0, 1),
(1045, 106, 4, 0, 1),
(1046, 106, 5, 0, 1),
(1047, 106, 6, 0, 1),
(1048, 106, 7, 0, 1),
(1049, 106, 8, 0, 1),
(1050, 106, 9, 0, 1),
(1051, 106, 10, 0, 1),
(1052, 107, 1, 0, 1),
(1053, 107, 2, 0, 1),
(1054, 107, 3, 0, 1),
(1055, 107, 4, 0, 1),
(1056, 107, 5, 0, 1),
(1057, 107, 6, 0, 1),
(1058, 107, 7, 0, 1),
(1059, 107, 8, 0, 1),
(1060, 107, 9, 0, 1),
(1061, 107, 10, 0, 1),
(1062, 108, 1, 0, 1),
(1063, 108, 2, 0, 1),
(1064, 108, 3, 0, 1),
(1065, 108, 4, 0, 1),
(1066, 108, 5, 0, 1),
(1067, 108, 6, 0, 1),
(1068, 108, 7, 0, 1),
(1069, 108, 8, 0, 1),
(1070, 108, 9, 0, 1),
(1071, 108, 10, 0, 1),
(1072, 109, 1, 0, 1),
(1073, 109, 2, 0, 1),
(1074, 109, 3, 0, 1),
(1075, 109, 4, 0, 1),
(1076, 109, 5, 0, 1),
(1077, 109, 6, 0, 1),
(1078, 109, 7, 0, 1),
(1079, 109, 8, 0, 1),
(1080, 109, 9, 0, 1),
(1081, 109, 10, 0, 1),
(1082, 110, 1, 0, 1),
(1083, 110, 2, 0, 1),
(1084, 110, 3, 0, 1),
(1085, 110, 4, 0, 1),
(1086, 110, 5, 0, 1),
(1087, 110, 6, 0, 1),
(1088, 110, 7, 0, 1),
(1089, 110, 8, 0, 1),
(1090, 110, 9, 0, 1),
(1091, 110, 10, 0, 1),
(1092, 111, 1, 0, 1),
(1093, 111, 2, 0, 1),
(1094, 111, 3, 0, 1),
(1095, 111, 4, 0, 1),
(1096, 111, 5, 0, 1),
(1097, 111, 6, 0, 1),
(1098, 111, 7, 0, 1),
(1099, 111, 8, 0, 1),
(1100, 111, 9, 0, 1),
(1101, 111, 10, 0, 1),
(1102, 112, 1, 0, 1),
(1103, 112, 2, 0, 1),
(1104, 112, 3, 0, 1),
(1105, 112, 4, 0, 1),
(1106, 112, 5, 0, 1),
(1107, 112, 6, 0, 1),
(1108, 112, 7, 0, 1),
(1109, 112, 8, 0, 1),
(1110, 112, 9, 0, 1),
(1111, 112, 10, 0, 1),
(1112, 113, 1, 0, 1),
(1113, 113, 2, 0, 1),
(1114, 113, 3, 0, 1),
(1115, 113, 4, 0, 1),
(1116, 113, 5, 0, 1),
(1117, 113, 6, 0, 1),
(1118, 113, 7, 0, 1),
(1119, 113, 8, 0, 1),
(1120, 113, 9, 0, 1),
(1121, 113, 10, 0, 1),
(1122, 114, 1, 0, 1),
(1123, 114, 2, 0, 1),
(1124, 114, 3, 0, 1),
(1125, 114, 4, 0, 1),
(1126, 114, 5, 0, 1),
(1127, 114, 6, 0, 1),
(1128, 114, 7, 0, 1),
(1129, 114, 8, 0, 1),
(1130, 114, 9, 0, 1),
(1131, 114, 10, 0, 1),
(1132, 115, 1, 0, 1),
(1133, 115, 2, 0, 1),
(1134, 115, 3, 0, 1),
(1135, 115, 4, 0, 1),
(1136, 115, 5, 0, 1),
(1137, 115, 6, 0, 1),
(1138, 115, 7, 0, 1),
(1139, 115, 8, 0, 1),
(1140, 115, 9, 0, 1),
(1141, 115, 10, 0, 1),
(1142, 116, 1, 0, 1),
(1143, 116, 2, 0, 1),
(1144, 116, 3, 0, 1),
(1145, 116, 4, 0, 1),
(1146, 116, 5, 0, 1),
(1147, 116, 6, 0, 1),
(1148, 116, 7, 0, 1),
(1149, 116, 8, 0, 1),
(1150, 116, 9, 0, 1),
(1151, 116, 10, 0, 1),
(1152, 117, 1, 0, 1),
(1153, 117, 2, 0, 1),
(1154, 117, 3, 0, 1),
(1155, 117, 4, 0, 1),
(1156, 117, 5, 0, 1),
(1157, 117, 6, 0, 1),
(1158, 117, 7, 0, 1),
(1159, 117, 8, 0, 1),
(1160, 117, 9, 0, 1),
(1161, 117, 10, 0, 1),
(1162, 118, 1, 0, 1),
(1163, 118, 2, 0, 1),
(1164, 118, 3, 0, 1),
(1165, 118, 4, 0, 1),
(1166, 118, 5, 0, 1),
(1167, 118, 6, 0, 1),
(1168, 118, 7, 0, 1),
(1169, 118, 8, 0, 1),
(1170, 118, 9, 0, 1),
(1171, 118, 10, 0, 1),
(1172, 119, 1, 0, 1),
(1173, 119, 2, 0, 1),
(1174, 119, 3, 0, 1),
(1175, 119, 4, 0, 1),
(1176, 119, 5, 0, 1),
(1177, 119, 6, 0, 1),
(1178, 119, 7, 0, 1),
(1179, 119, 8, 0, 1),
(1180, 119, 9, 0, 1),
(1181, 119, 10, 0, 1),
(1182, 120, 1, 0, 1),
(1183, 120, 2, 0, 1),
(1184, 120, 3, 0, 1),
(1185, 120, 4, 0, 1),
(1186, 120, 5, 0, 1),
(1187, 120, 6, 0, 1),
(1188, 120, 7, 0, 1),
(1189, 120, 8, 0, 1),
(1190, 120, 9, 0, 1),
(1191, 120, 10, 0, 1),
(1192, 121, 1, 0, 1),
(1193, 121, 2, 0, 1),
(1194, 121, 3, 0, 1),
(1195, 121, 4, 0, 1),
(1196, 121, 5, 0, 1),
(1197, 121, 6, 0, 1),
(1198, 121, 7, 0, 1),
(1199, 121, 8, 0, 1),
(1200, 121, 9, 0, 1),
(1201, 121, 10, 0, 1),
(1202, 122, 1, 0, 1),
(1203, 122, 2, 0, 1),
(1204, 122, 3, 0, 1),
(1205, 122, 4, 0, 1),
(1206, 122, 5, 0, 1),
(1207, 122, 6, 0, 1),
(1208, 122, 7, 0, 1),
(1209, 122, 8, 0, 1),
(1210, 122, 9, 0, 1),
(1211, 122, 10, 0, 1),
(1212, 123, 1, 0, 1),
(1213, 123, 2, 0, 1),
(1214, 123, 3, 0, 1),
(1215, 123, 4, 0, 1),
(1216, 123, 5, 0, 1),
(1217, 123, 6, 0, 1),
(1218, 123, 7, 0, 1),
(1219, 123, 8, 0, 1),
(1220, 123, 9, 0, 1),
(1221, 123, 10, 0, 1),
(1222, 124, 1, 0, 1),
(1223, 124, 2, 0, 1),
(1224, 124, 3, 0, 1),
(1225, 124, 4, 0, 1),
(1226, 124, 5, 0, 1),
(1227, 124, 6, 0, 1),
(1228, 124, 7, 0, 1),
(1229, 124, 8, 0, 1),
(1230, 124, 9, 0, 1),
(1231, 124, 10, 0, 1),
(1232, 125, 1, 0, 1),
(1233, 125, 2, 0, 1),
(1234, 125, 3, 0, 1),
(1235, 125, 4, 0, 1),
(1236, 125, 5, 0, 1),
(1237, 125, 6, 0, 1),
(1238, 125, 7, 0, 1),
(1239, 125, 8, 0, 1),
(1240, 125, 9, 0, 1),
(1241, 125, 10, 0, 1),
(1242, 126, 1, 0, 1),
(1243, 126, 2, 0, 1),
(1244, 126, 3, 0, 1),
(1245, 126, 4, 0, 1),
(1246, 126, 5, 0, 1),
(1247, 126, 6, 0, 1),
(1248, 126, 7, 0, 1),
(1249, 126, 8, 0, 1),
(1250, 126, 9, 0, 1),
(1251, 126, 10, 0, 1),
(1252, 127, 1, 0, 1),
(1253, 127, 2, 0, 1),
(1254, 127, 3, 0, 1),
(1255, 127, 4, 0, 1),
(1256, 127, 5, 0, 1),
(1257, 127, 6, 0, 1),
(1258, 127, 7, 0, 1),
(1259, 127, 8, 0, 1),
(1260, 127, 9, 0, 1),
(1261, 127, 10, 0, 1),
(1262, 128, 1, 0, 1),
(1263, 128, 2, 0, 1),
(1264, 128, 3, 0, 1),
(1265, 128, 4, 0, 1),
(1266, 128, 5, 0, 1),
(1267, 128, 6, 0, 1),
(1268, 128, 7, 0, 1),
(1269, 128, 8, 0, 1),
(1270, 128, 9, 0, 1),
(1271, 128, 10, 0, 1),
(1272, 129, 1, 0, 1),
(1273, 129, 2, 0, 1),
(1274, 129, 3, 0, 1),
(1275, 129, 4, 0, 1),
(1276, 129, 5, 0, 1),
(1277, 129, 6, 0, 1),
(1278, 129, 7, 0, 1),
(1279, 129, 8, 0, 1),
(1280, 129, 9, 0, 1),
(1281, 129, 10, 0, 1),
(1282, 130, 1, 0, 1),
(1283, 130, 2, 0, 1),
(1284, 130, 3, 0, 1),
(1285, 130, 4, 0, 1),
(1286, 130, 5, 0, 1),
(1287, 130, 6, 0, 1),
(1288, 130, 7, 0, 1),
(1289, 130, 8, 0, 1),
(1290, 130, 9, 0, 1),
(1291, 130, 10, 0, 1),
(1292, 131, 1, 0, 1),
(1293, 131, 2, 0, 1),
(1294, 131, 3, 0, 1),
(1295, 131, 4, 0, 1),
(1296, 131, 5, 0, 1),
(1297, 131, 6, 0, 1),
(1298, 131, 7, 0, 1),
(1299, 131, 8, 0, 1),
(1300, 131, 9, 0, 1),
(1301, 131, 10, 0, 1),
(1302, 132, 1, 0, 1),
(1303, 132, 2, 0, 1),
(1304, 132, 3, 0, 1),
(1305, 132, 4, 0, 1),
(1306, 132, 5, 0, 1),
(1307, 132, 6, 0, 1),
(1308, 132, 7, 0, 1),
(1309, 132, 8, 0, 1),
(1310, 132, 9, 0, 1),
(1311, 132, 10, 0, 1),
(1312, 133, 1, 0, 1),
(1313, 133, 2, 0, 1),
(1314, 133, 3, 0, 1),
(1315, 133, 4, 0, 1),
(1316, 133, 5, 0, 1),
(1317, 133, 6, 0, 1),
(1318, 133, 7, 0, 1),
(1319, 133, 8, 0, 1),
(1320, 133, 9, 0, 1),
(1321, 133, 10, 0, 1),
(1322, 134, 1, 0, 1),
(1323, 134, 2, 0, 1),
(1324, 134, 3, 0, 1),
(1325, 134, 4, 0, 1),
(1326, 134, 5, 0, 1),
(1327, 134, 6, 0, 1),
(1328, 134, 7, 0, 1),
(1329, 134, 8, 0, 1),
(1330, 134, 9, 0, 1),
(1331, 134, 10, 0, 1),
(1332, 135, 1, 0, 1),
(1333, 135, 2, 0, 1),
(1334, 135, 3, 0, 1),
(1335, 135, 4, 0, 1),
(1336, 135, 5, 0, 1),
(1337, 135, 6, 0, 1),
(1338, 135, 7, 0, 1),
(1339, 135, 8, 0, 1),
(1340, 135, 9, 0, 1),
(1341, 135, 10, 0, 1),
(1342, 136, 1, 0, 1),
(1343, 136, 2, 0, 1),
(1344, 136, 3, 0, 1),
(1345, 136, 4, 0, 1),
(1346, 136, 5, 0, 1),
(1347, 136, 6, 0, 1),
(1348, 136, 7, 0, 1),
(1349, 136, 8, 0, 1),
(1350, 136, 9, 0, 1),
(1351, 136, 10, 0, 1),
(1352, 137, 1, 0, 1),
(1353, 137, 2, 0, 1),
(1354, 137, 3, 0, 1),
(1355, 137, 4, 0, 1),
(1356, 137, 5, 0, 1),
(1357, 137, 6, 0, 1),
(1358, 137, 7, 0, 1),
(1359, 137, 8, 0, 1),
(1360, 137, 9, 0, 1),
(1361, 137, 10, 0, 1),
(1362, 138, 1, 0, 1),
(1363, 138, 2, 0, 1),
(1364, 138, 3, 0, 1),
(1365, 138, 4, 0, 1),
(1366, 138, 5, 0, 1),
(1367, 138, 6, 0, 1),
(1368, 138, 7, 0, 1),
(1369, 138, 8, 0, 1),
(1370, 138, 9, 0, 1),
(1371, 138, 10, 0, 1),
(1372, 139, 1, 0, 1),
(1373, 139, 2, 0, 1),
(1374, 139, 3, 0, 1),
(1375, 139, 4, 0, 1),
(1376, 139, 5, 0, 1),
(1377, 139, 6, 0, 1),
(1378, 139, 7, 0, 1),
(1379, 139, 8, 0, 1),
(1380, 139, 9, 0, 1),
(1381, 139, 10, 0, 1),
(1382, 140, 1, 0, 1),
(1383, 140, 2, 0, 1),
(1384, 140, 3, 0, 1),
(1385, 140, 4, 0, 1),
(1386, 140, 5, 0, 1),
(1387, 140, 6, 0, 1),
(1388, 140, 7, 0, 1),
(1389, 140, 8, 0, 1),
(1390, 140, 9, 0, 1),
(1391, 140, 10, 0, 1),
(1392, 141, 1, 0, 1),
(1393, 141, 2, 0, 1),
(1394, 141, 3, 0, 1),
(1395, 141, 4, 0, 1),
(1396, 141, 5, 0, 1),
(1397, 141, 6, 0, 1),
(1398, 141, 7, 0, 1),
(1399, 141, 8, 0, 1),
(1400, 141, 9, 0, 1),
(1401, 141, 10, 0, 1),
(1402, 142, 1, 0, 1),
(1403, 142, 2, 0, 1),
(1404, 142, 3, 0, 1),
(1405, 142, 4, 0, 1),
(1406, 142, 5, 0, 1),
(1407, 142, 6, 0, 1),
(1408, 142, 7, 0, 1),
(1409, 142, 8, 0, 1),
(1410, 142, 9, 0, 1),
(1411, 142, 10, 0, 1),
(1412, 143, 1, 0, 1),
(1413, 143, 2, 0, 1),
(1414, 143, 3, 0, 1),
(1415, 143, 4, 0, 1),
(1416, 143, 5, 0, 1),
(1417, 143, 6, 0, 1),
(1418, 143, 7, 0, 1),
(1419, 143, 8, 0, 1),
(1420, 143, 9, 0, 1),
(1421, 143, 10, 0, 1),
(1422, 144, 1, 0, 1),
(1423, 144, 2, 0, 1),
(1424, 144, 3, 0, 1),
(1425, 144, 4, 0, 1),
(1426, 144, 5, 0, 1),
(1427, 144, 6, 0, 1),
(1428, 144, 7, 0, 1),
(1429, 144, 8, 0, 1),
(1430, 144, 9, 0, 1),
(1431, 144, 10, 0, 1),
(1432, 145, 1, 0, 1),
(1433, 145, 2, 0, 1),
(1434, 145, 3, 0, 1),
(1435, 145, 4, 0, 1),
(1436, 145, 5, 0, 1),
(1437, 145, 6, 0, 1),
(1438, 145, 7, 0, 1),
(1439, 145, 8, 0, 1),
(1440, 145, 9, 0, 1),
(1441, 145, 10, 0, 1),
(1442, 146, 1, 0, 1),
(1443, 146, 2, 0, 1),
(1444, 146, 3, 0, 1),
(1445, 146, 4, 0, 1),
(1446, 146, 5, 0, 1),
(1447, 146, 6, 0, 1),
(1448, 146, 7, 0, 1),
(1449, 146, 8, 0, 1),
(1450, 146, 9, 0, 1),
(1451, 146, 10, 0, 1),
(1452, 147, 1, 0, 1),
(1453, 147, 2, 0, 1),
(1454, 147, 3, 0, 1),
(1455, 147, 4, 0, 1),
(1456, 147, 5, 0, 1),
(1457, 147, 6, 0, 1),
(1458, 147, 7, 0, 1),
(1459, 147, 8, 0, 1),
(1460, 147, 9, 0, 1),
(1461, 147, 10, 0, 1),
(1462, 148, 1, 0, 1),
(1463, 148, 2, 0, 1),
(1464, 148, 3, 0, 1),
(1465, 148, 4, 0, 1),
(1466, 148, 5, 0, 1),
(1467, 148, 6, 0, 1),
(1468, 148, 7, 0, 1),
(1469, 148, 8, 0, 1),
(1470, 148, 9, 0, 1),
(1471, 148, 10, 0, 1),
(1472, 149, 1, 0, 1),
(1473, 149, 2, 0, 1),
(1474, 149, 3, 0, 1),
(1475, 149, 4, 0, 1),
(1476, 149, 5, 0, 1),
(1477, 149, 6, 0, 1),
(1478, 149, 7, 0, 1),
(1479, 149, 8, 0, 1),
(1480, 149, 9, 0, 1),
(1481, 149, 10, 0, 1),
(1482, 150, 1, 0, 1),
(1483, 150, 2, 0, 1),
(1484, 150, 3, 0, 1),
(1485, 150, 4, 0, 1),
(1486, 150, 5, 0, 1),
(1487, 150, 6, 0, 1),
(1488, 150, 7, 0, 1),
(1489, 150, 8, 0, 1),
(1490, 150, 9, 0, 1),
(1491, 150, 10, 0, 1),
(1492, 151, 1, 0, 1),
(1493, 151, 2, 0, 1),
(1494, 151, 3, 0, 1),
(1495, 151, 4, 0, 1),
(1496, 151, 5, 0, 1),
(1497, 151, 6, 0, 1),
(1498, 151, 7, 0, 1),
(1499, 151, 8, 0, 1),
(1500, 151, 9, 0, 1),
(1501, 151, 10, 0, 1),
(1502, 152, 1, 0, 1),
(1503, 152, 2, 0, 1),
(1504, 152, 3, 0, 1),
(1505, 152, 4, 0, 1),
(1506, 152, 5, 0, 1),
(1507, 152, 6, 0, 1),
(1508, 152, 7, 0, 1),
(1509, 152, 8, 0, 1),
(1510, 152, 9, 0, 1),
(1511, 152, 10, 0, 1),
(1512, 153, 1, 0, 1),
(1513, 153, 2, 0, 1),
(1514, 153, 3, 0, 1),
(1515, 153, 4, 0, 1),
(1516, 153, 5, 0, 1),
(1517, 153, 6, 0, 1),
(1518, 153, 7, 0, 1),
(1519, 153, 8, 0, 1),
(1520, 153, 9, 0, 1),
(1521, 153, 10, 0, 1),
(1522, 154, 1, 0, 1),
(1523, 154, 2, 0, 1),
(1524, 154, 3, 0, 1),
(1525, 154, 4, 0, 1),
(1526, 154, 5, 0, 1),
(1527, 154, 6, 0, 1),
(1528, 154, 7, 0, 1),
(1529, 154, 8, 0, 1),
(1530, 154, 9, 0, 1),
(1531, 154, 10, 0, 1),
(1532, 155, 1, 0, 1),
(1533, 155, 2, 0, 1),
(1534, 155, 3, 0, 1),
(1535, 155, 4, 0, 1),
(1536, 155, 5, 0, 1),
(1537, 155, 6, 0, 1),
(1538, 155, 7, 0, 1),
(1539, 155, 8, 0, 1),
(1540, 155, 9, 0, 1),
(1541, 155, 10, 0, 1),
(1542, 156, 1, 0, 1),
(1543, 156, 2, 0, 1),
(1544, 156, 3, 5, 1),
(1545, 156, 4, 0, 1),
(1546, 156, 5, 0, 1),
(1547, 156, 6, 0, 1),
(1548, 156, 7, 0, 1),
(1549, 156, 8, 0, 1),
(1550, 156, 9, 0, 1),
(1551, 156, 10, 0, 1),
(1552, 157, 1, 0, 1),
(1553, 157, 2, 0, 1),
(1554, 157, 3, 0, 1),
(1555, 157, 4, 0, 1),
(1556, 157, 5, 0, 1),
(1557, 157, 6, 0, 1),
(1558, 157, 7, 0, 1),
(1559, 157, 8, 0, 1),
(1560, 157, 9, 0, 1),
(1561, 157, 10, 0, 1),
(1562, 158, 1, 0, 1),
(1563, 158, 2, 0, 1),
(1564, 158, 3, 0, 1),
(1565, 158, 4, 0, 1),
(1566, 158, 5, 0, 1),
(1567, 158, 6, 0, 1),
(1568, 158, 7, 0, 1),
(1569, 158, 8, 0, 1),
(1570, 158, 9, 0, 1),
(1571, 158, 10, 0, 1),
(1572, 159, 1, 0, 1),
(1573, 159, 2, 0, 1),
(1574, 159, 3, 0, 1),
(1575, 159, 4, 0, 1),
(1576, 159, 5, 0, 1),
(1577, 159, 6, 0, 1),
(1578, 159, 7, 0, 1),
(1579, 159, 8, 0, 1),
(1580, 159, 9, 0, 1),
(1581, 159, 10, 0, 1),
(1582, 160, 1, 0, 1),
(1583, 160, 2, 0, 1),
(1584, 160, 3, 0, 1),
(1585, 160, 4, 0, 1),
(1586, 160, 5, 0, 1),
(1587, 160, 6, 0, 1),
(1588, 160, 7, 0, 1),
(1589, 160, 8, 0, 1),
(1590, 160, 9, 0, 1),
(1591, 160, 10, 0, 1),
(1592, 161, 1, 0, 1),
(1593, 161, 2, 0, 1),
(1594, 161, 3, 0, 1),
(1595, 161, 4, 0, 1),
(1596, 161, 5, 0, 1),
(1597, 161, 6, 0, 1),
(1598, 161, 7, 0, 1),
(1599, 161, 8, 0, 1),
(1600, 161, 9, 0, 1),
(1601, 161, 10, 0, 1),
(1602, 162, 1, 0, 1),
(1603, 162, 2, 0, 1),
(1604, 162, 3, 0, 1),
(1605, 162, 4, 0, 1),
(1606, 162, 5, 0, 1),
(1607, 162, 6, 0, 1),
(1608, 162, 7, 0, 1),
(1609, 162, 8, 0, 1),
(1610, 162, 9, 0, 1),
(1611, 162, 10, 0, 1),
(1612, 163, 1, 0, 1),
(1613, 163, 2, 0, 1),
(1614, 163, 3, 0, 1),
(1615, 163, 4, 0, 1),
(1616, 163, 5, 0, 1),
(1617, 163, 6, 0, 1),
(1618, 163, 7, 0, 1),
(1619, 163, 8, 0, 1),
(1620, 163, 9, 0, 1),
(1621, 163, 10, 0, 1),
(1622, 164, 1, 100, 1),
(1623, 164, 2, 100, 1),
(1624, 164, 3, 100, 1),
(1625, 164, 4, 100, 1),
(1626, 164, 5, 100, 1),
(1627, 164, 6, 100, 1),
(1628, 164, 7, 100, 1),
(1629, 164, 8, 100, 1),
(1630, 164, 9, 100, 1),
(1631, 164, 10, 100, 1),
(1632, 165, 1, 15, 1),
(1633, 165, 2, 15, 1),
(1634, 165, 3, 15, 1),
(1635, 165, 4, 15, 1),
(1636, 165, 5, 15, 1),
(1637, 165, 6, 15, 1),
(1638, 165, 7, 15, 1),
(1639, 165, 8, 15, 1),
(1640, 165, 9, 15, 1),
(1641, 165, 10, 15, 1),
(1642, 166, 1, 15, 1),
(1643, 166, 2, 15, 1),
(1644, 166, 3, 15, 1),
(1645, 166, 4, 15, 1),
(1646, 166, 5, 15, 1),
(1647, 166, 6, 15, 1),
(1648, 166, 7, 15, 1),
(1649, 166, 8, 15, 1),
(1650, 166, 9, 15, 1),
(1651, 166, 10, 15, 1),
(1652, 167, 1, 10, 1),
(1653, 167, 2, 45, 1),
(1654, 167, 3, 10, 1),
(1655, 167, 4, 10, 1),
(1656, 167, 5, 10, 1),
(1657, 167, 6, 10, 1),
(1658, 167, 7, 10, 1),
(1659, 167, 8, 10, 1),
(1660, 167, 9, 10, 1),
(1661, 167, 10, 10, 1),
(1662, 168, 3, 2, 1),
(1663, 169, 2, 2, 1),
(1664, 170, 17, 100, 1),
(1665, 171, 16, 10, 1),
(1666, 172, 16, 10, 1),
(1667, 173, 16, 10, 1),
(1668, 174, 16, 10, 1),
(1669, 175, 16, 10, 1),
(1670, 176, 16, 10, 1),
(1671, 128, 16, 0, 1),
(1672, 66, 16, 0, 1),
(1673, 18, 16, 0, 1),
(1674, 111, 16, 0, 1),
(1675, 61, 16, 0, 1),
(1676, 16, 16, 0, 1),
(1677, 40, 16, 0, 1),
(1678, 15, 16, 0, 1),
(1679, 14, 16, 0, 1),
(1680, 54, 16, 0, 1),
(1681, 55, 16, 0, 1),
(1682, 56, 16, 0, 1),
(1683, 144, 16, 0, 1),
(1684, 53, 16, 0, 1),
(1685, 52, 16, 0, 1),
(1686, 117, 16, 0, 1),
(1687, 93, 16, 0, 1),
(1688, 4, 16, 0, 1),
(1689, 3, 16, 0, 1),
(1690, 110, 16, 0, 1),
(1691, 163, 16, 0, 1),
(1692, 116, 16, 0, 1),
(1693, 115, 16, 0, 1),
(1694, 114, 16, 0, 1),
(1695, 112, 16, 0, 1),
(1696, 166, 16, 15, 1),
(1697, 165, 16, 15, 1),
(1698, 17, 16, 0, 1),
(1699, 177, 1, 5, 1),
(1700, 177, 2, 5, 1),
(1701, 177, 3, 5, 1),
(1702, 177, 4, 5, 1),
(1703, 177, 5, 5, 1),
(1704, 177, 6, 5, 1),
(1705, 177, 9, 5, 1),
(1706, 177, 10, 5, 1),
(1707, 177, 14, 5, 1),
(1708, 177, 15, 5, 1),
(1709, 177, 16, 5, 1),
(1710, 62, 16, 0, 1),
(1711, 26, 16, 0, 1),
(1712, 178, 1, 5, 1),
(1713, 178, 2, 5, 1),
(1714, 178, 3, 5, 1),
(1715, 178, 4, 5, 1),
(1716, 178, 5, 5, 1),
(1717, 178, 6, 5, 1),
(1718, 178, 9, 5, 1),
(1719, 178, 10, 5, 1),
(1720, 178, 14, 5, 1),
(1721, 178, 15, 1, 1),
(1722, 178, 16, 5, 1),
(1723, 179, 1, 5, 1),
(1724, 179, 2, 5, 1),
(1725, 179, 3, 5, 1),
(1726, 179, 4, 5, 1),
(1727, 179, 5, 5, 1),
(1728, 179, 6, 5, 1),
(1729, 179, 9, 5, 1),
(1730, 179, 10, 5, 1),
(1731, 179, 14, 0, 1),
(1732, 179, 15, 5, 1),
(1733, 179, 16, 5, 1),
(1734, 11, 16, 0, 1),
(1735, 109, 16, 0, 1),
(1736, 59, 16, 0, 1),
(1737, 180, 1, 5, 1),
(1738, 180, 2, 5, 1),
(1739, 180, 3, 5, 1),
(1740, 180, 4, 5, 1),
(1741, 180, 5, 5, 1),
(1742, 180, 6, 5, 1),
(1743, 180, 9, 5, 1),
(1744, 180, 10, 5, 1),
(1745, 180, 14, 5, 1),
(1746, 180, 15, 5, 1),
(1747, 180, 16, 5, 1),
(1748, 80, 16, 0, 1),
(1749, 79, 16, 0, 1),
(1750, 78, 16, 0, 1),
(1751, 77, 16, 0, 1),
(1752, 76, 16, 0, 1),
(1753, 75, 16, 0, 1),
(1754, 73, 16, 0, 1),
(1755, 71, 16, 0, 1),
(1756, 72, 16, 0, 1),
(1757, 74, 16, 0, 1),
(1758, 98, 16, 0, 1),
(1759, 97, 16, 0, 1),
(1760, 160, 16, 0, 1),
(1761, 157, 16, 0, 1),
(1762, 154, 16, 0, 1),
(1763, 152, 16, 0, 1),
(1764, 148, 16, 0, 1),
(1765, 108, 16, 0, 1),
(1766, 96, 16, 0, 1),
(1767, 95, 16, 0, 1),
(1768, 45, 16, 0, 1),
(1769, 147, 16, 0, 1),
(1770, 44, 16, 0, 1),
(1771, 51, 16, 0, 1),
(1772, 13, 16, 0, 1),
(1773, 20, 16, 0, 1),
(1774, 167, 16, 500, 1),
(1775, 70, 16, 0, 1),
(1776, 181, 16, 3, 1),
(1777, 182, 16, 2, 1),
(1778, 183, 16, 2, 1),
(1779, 28, 16, 0, 1),
(1780, 157, 14, 0, 1),
(1781, 145, 16, 0, 1),
(1782, 132, 15, 0, 1),
(1783, 2, 15, 0, 1),
(1784, 61, 15, 0, 1),
(1785, 40, 15, 0, 1),
(1786, 131, 15, 0, 1),
(1787, 19, 14, 0, 1),
(1788, 2, 14, 0, 1),
(1789, 184, 1, 2, 1),
(1790, 184, 2, 2, 1),
(1791, 184, 3, 2, 1),
(1792, 184, 4, 2, 1),
(1793, 184, 5, 2, 1),
(1794, 184, 6, 2, 1),
(1795, 184, 9, 2, 1),
(1796, 184, 10, 2, 1),
(1797, 184, 14, 2, 1),
(1798, 184, 15, 2, 1),
(1799, 184, 16, 2, 1),
(1800, 185, 4, 100, 1),
(1801, 186, 4, 100, 1),
(1802, 187, 6, 100, 1);

-- --------------------------------------------------------

--
-- Table structure for table `tbl_scrap`
--

DROP TABLE IF EXISTS `tbl_scrap`;
CREATE TABLE IF NOT EXISTS `tbl_scrap` (
  `scrap_id` int(11) NOT NULL AUTO_INCREMENT,
  `branch_id_fk` int(11) NOT NULL,
  `item_id_fk` int(11) NOT NULL,
  `item_quantity` bigint(10) NOT NULL,
  `return_date` date NOT NULL,
  `status` int(11) NOT NULL,
  PRIMARY KEY (`scrap_id`)
) ENGINE=MyISAM DEFAULT CHARSET=latin1;

-- --------------------------------------------------------

--
-- Table structure for table `tbl_shopstock`
--

DROP TABLE IF EXISTS `tbl_shopstock`;
CREATE TABLE IF NOT EXISTS `tbl_shopstock` (
  `id` int(11) NOT NULL AUTO_INCREMENT,
  `shop_id_fk` int(11) NOT NULL,
  `item_id_fk` int(11) NOT NULL,
  `item_quantity` int(11) NOT NULL,
  `used_quantity` int(11) NOT NULL,
  `updated_date` date NOT NULL,
  `status` int(11) NOT NULL,
  PRIMARY KEY (`id`)
) ENGINE=MyISAM DEFAULT CHARSET=latin1;

-- --------------------------------------------------------

--
-- Table structure for table `tbl_stock`
--

DROP TABLE IF EXISTS `tbl_stock`;
CREATE TABLE IF NOT EXISTS `tbl_stock` (
  `stock_id` int(11) NOT NULL AUTO_INCREMENT,
  `item_id_fk` int(11) NOT NULL,
  `branch_id_fk` int(11) NOT NULL,
  `item_name` varchar(50) NOT NULL,
  `item_quantity` double NOT NULL,
  `issuedqua` bigint(20) NOT NULL,
  `used_quantity` int(11) NOT NULL,
  `item_rop` bigint(20) NOT NULL,
  `stock_status` int(11) NOT NULL,
  PRIMARY KEY (`stock_id`)
) ENGINE=InnoDB AUTO_INCREMENT=3 DEFAULT CHARSET=latin1;

--
-- Dumping data for table `tbl_stock`
--

INSERT INTO `tbl_stock` (`stock_id`, `item_id_fk`, `branch_id_fk`, `item_name`, `item_quantity`, `issuedqua`, `used_quantity`, `item_rop`, `stock_status`) VALUES
(1, 9, 0, 'CARBON PAPER', 127, 127, 0, 0, 1),
(2, 6, 0, 'BILL BOOK-DEVANARAYA', 25, 25, 0, 0, 1);

-- --------------------------------------------------------

--
-- Table structure for table `tbl_stockup`
--

DROP TABLE IF EXISTS `tbl_stockup`;
CREATE TABLE IF NOT EXISTS `tbl_stockup` (
  `up_id` int(11) NOT NULL AUTO_INCREMENT,
  `stock_id_fk` int(11) NOT NULL,
  `item_id_fk` int(11) NOT NULL,
  `branch_id_fk` int(11) NOT NULL,
  `up_date` date NOT NULL,
  `up_status` int(11) NOT NULL,
  PRIMARY KEY (`up_id`)
) ENGINE=InnoDB AUTO_INCREMENT=3 DEFAULT CHARSET=latin1;

--
-- Dumping data for table `tbl_stockup`
--

INSERT INTO `tbl_stockup` (`up_id`, `stock_id_fk`, `item_id_fk`, `branch_id_fk`, `up_date`, `up_status`) VALUES
(1, 1, 9, 0, '2020-10-13', 1),
(2, 2, 6, 0, '2020-10-13', 1);

-- --------------------------------------------------------

--
-- Table structure for table `tbl_usageitem`
--

DROP TABLE IF EXISTS `tbl_usageitem`;
CREATE TABLE IF NOT EXISTS `tbl_usageitem` (
  `usage_id` int(11) NOT NULL AUTO_INCREMENT,
  `user_id_fk` int(11) NOT NULL,
  `item_id_fk` int(11) NOT NULL,
  `branch_id_fk` int(11) NOT NULL,
  `usage_quantity` bigint(20) NOT NULL,
  `usage_date` date NOT NULL,
  `usage_status` int(11) NOT NULL,
  PRIMARY KEY (`usage_id`)
) ENGINE=InnoDB AUTO_INCREMENT=6 DEFAULT CHARSET=latin1;

--
-- Dumping data for table `tbl_usageitem`
--

INSERT INTO `tbl_usageitem` (`usage_id`, `user_id_fk`, `item_id_fk`, `branch_id_fk`, `usage_quantity`, `usage_date`, `usage_status`) VALUES
(1, 3, 10, 1, 1, '2019-01-22', 1),
(2, 1, 10, 1, 2, '2020-06-09', 1),
(3, 7, 3, 2, 1, '2020-06-17', 1),
(4, 7, 3, 2, 1, '2020-07-16', 1),
(5, 7, 3, 2, 1, '2020-07-16', 1);

-- --------------------------------------------------------

--
-- Table structure for table `tbl_user`
--

DROP TABLE IF EXISTS `tbl_user`;
CREATE TABLE IF NOT EXISTS `tbl_user` (
  `user_id` int(11) NOT NULL AUTO_INCREMENT,
  `ur_id` varchar(20) NOT NULL,
  `login_id_fk` int(11) NOT NULL,
  `username` varchar(20) NOT NULL,
  `user_address` text NOT NULL,
  `user_phone` bigint(20) NOT NULL,
  `user_email` varchar(20) NOT NULL,
  `user_designation` int(11) NOT NULL,
  `user_branch` int(11) NOT NULL,
  `is_active` int(11) NOT NULL,
  `user_status` int(11) NOT NULL,
  PRIMARY KEY (`user_id`)
) ENGINE=InnoDB AUTO_INCREMENT=163 DEFAULT CHARSET=latin1;

--
-- Dumping data for table `tbl_user`
--

INSERT INTO `tbl_user` (`user_id`, `ur_id`, `login_id_fk`, `username`, `user_address`, `user_phone`, `user_email`, `user_designation`, `user_branch`, `is_active`, `user_status`) VALUES
(1, '01', 2, 'SAM POTHARA', 'GMCF, THALAYOLAPARAMBU', 9072277999, 'sampothara.gentleman', 1, 1, 1, 1),
(2, '02', 3, 'SREELAKSHMI J', 'GMCF, THALAYOLAPARAMBU', 9072571999, 'lakshmi.gentleman@gm', 2, 1, 1, 1),
(3, '03', 4, 'ANJU ABHILASH', 'GMCF, THALAYOLAPARAMBU', 9656020009, 'anjugentleman@gmail.', 3, 1, 1, 1),
(4, '04', 5, 'Ramesh S', 'GMCF, THALAYOLAPARAMBU', 8075425707, 'rameshs@gentlemanchi', 4, 1, 1, 1),
(5, '05', 6, 'PM', 'GMCF, THALAYOLAPARAMBU', 8606241515, 'jijeev@gentlemanchit', 5, 1, 1, 1),
(6, '06', 7, 'Divya Vinod', 'GMCF, THALAYOLAPARAMBU', 9656619991, 'divyavinodgentleman@', 15, 1, 1, 1),
(7, ' 07', 8, 'JAYA RAJESH', 'GMCF,CHERTHALA', 9947965143, 'jayagentlemanchl@gma', 3, 2, 1, 1),
(8, ' 08', 9, 'ASWATHY M A', 'GMCF,CHERTHALA', 8606111194, 'aswathygentleman@gma', 6, 2, 1, 1),
(9, '09', 10, 'SARATH CHANDRAN', 'GMCF, ALAPPUZHA', 9539922999, 'sarathchandrangentle', 3, 5, 1, 1),
(10, '10', 11, 'PRIYA', 'GMCF, ALAPPUZHA', 9539922999, 'priyagentlemanalpy@g', 6, 5, 1, 1),
(11, '11', 12, 'MAHESH G K', 'GMCF, ERNAKULAM', 9747788369, 'maheshtvr.gman@gmail', 3, 3, 1, 1),
(12, '12', 13, 'ATHIRA BABU', 'GMCF, ERNAKULAM', 8606291515, 'athiragman@gmail.com', 6, 3, 1, 1),
(13, '13', 14, 'MARY CERLY', 'GMCF, TRIPUNITHURA', 9072242006, 'cerowil121718@gmail.', 3, 4, 1, 1),
(14, '14', 15, 'BINDHU PRADEEP', 'GMCF, TRIPUNITHURA', 9072242006, 'bindhugentleman@gmai', 16, 4, 1, 1),
(15, '15', 16, 'MALU P', 'GMCF, ERAMALLOOR', 7025046298, 'maluprasadgentlemanc', 3, 7, 1, 1),
(16, '16', 17, 'MAMITHA', 'GMCF, ERAMALLOOR', 9072440999, 'mamithagman@gmail.co', 6, 7, 1, 1),
(17, '17', 18, 'BANUSHA BALACHANDRAN', 'GMCF, HARIPPAD', 9072295999, 'banushagentleman@gma', 3, 6, 1, 1),
(18, '18', 19, 'SEETHAL B', 'GMCF, KAYAMKULAM', 9072334999, 'seethalkylm@gmail.co', 6, 9, 1, 1),
(19, '19', 20, 'SILPA JOSHI', 'GMCF, MAVELIKKARA', 9072395999, 'silpajoshigman@gmail', 3, 10, 1, 1),
(20, '20', 21, 'JISHNU R', 'GMCF, ETTUMANOOR', 9072877999, 'jishnugman@gmail.com', 6, 8, 1, 1),
(21, '21', 22, 'SREEKUMAR BALAKRISHN', 'GMCF, THALAYOLAPARAMBU', 9072332999, 'dgm@gentlemanchits.c', 21, 1, 1, 1),
(22, '22', 23, 'JINU', 'GMCF, THALAYOLAPARAMBU', 9846096999, 'jinu@gentlemanchits.', 18, 1, 1, 1),
(23, '23', 24, 'MANJU M', 'GMCF, THALAYOLAPARAMBU', 9072655999, 'manjum@gentlemanchit', 19, 1, 1, 1),
(24, '24', 25, 'RASNAMOL P R', 'GMCF, THALAYOLAPARAMBU', 9846621066, 'rasnagman@gmail.com', 16, 1, 1, 1),
(25, '25', 26, 'Vishnu P Sunil', 'GMCF, THALAYOLAPARAMBU', 9656020009, 'vishnupsv351@gmail.c', 27, 1, 1, 1),
(26, '26', 27, 'AMRUTHA', 'GMCF, THALAYOLAPARAMBU', 9745493493, 'amruthagentleman@gma', 29, 1, 1, 1),
(27, '27', 28, 'VEENA JAYAPRAKASH', 'GMCF, THALAYOLAPARAMBU', 9745493493, 'veenajayaprakash484@', 26, 1, 1, 1),
(28, '28', 29, 'SREEJA SURESH', 'GMCF, THALAYOLAPARAMBU', 9745493493, 'sreejagentleman@gmai', 14, 1, 1, 1),
(29, '29', 30, 'BINURAJ M B', 'GMCF, THALAYOLAPARAMBU', 9745493493, 'binuraj234@gmail.com', 28, 1, 1, 1),
(30, '30', 31, 'KAVITHA', 'GMCF, THALAYOLAPARAMBU', 9562469633, 'kavithagentleman@gma', 6, 1, 1, 1),
(31, '31', 32, 'KAMALA DEVI K P', 'GMCF, THALAYOLAPARAMBU', 9072853999, 'kamaladevi.gentleman', 30, 1, 1, 1),
(32, '32', 33, 'GREESHMA K S', 'GMCF, THALAYOLAPARAMBU', 9072448999, 'greeshma@gentlemanch', 31, 1, 1, 1),
(33, '33', 34, 'REMYA N MENON', 'GMCF, THALAYOLAPARAMBU', 9072116999, 'remyanm@gentlemanchi', 23, 1, 1, 1),
(34, '34', 35, 'ANILKUMAR K G', 'GMCF, THALAYOLAPARAMBU', 9745493493, 'anilgman@gmail.com', 25, 1, 1, 1),
(35, '35', 36, 'ANU G', 'GMCF, THALAYOLAPARAMBU', 9745493493, 'anug@gentlemanchits.', 13, 1, 1, 1),
(36, '36', 37, 'SUCHITHRA K V', 'GMCF, THALAYOLAPARAMBU', 9745493493, 'suchithra@gentlemanc', 12, 1, 1, 1),
(37, '37', 38, 'NIDHEESH D', 'GMCF, THALAYOLAPARAMBU', 9745493493, 'nidheeshgentleman@gm', 12, 1, 1, 1),
(38, '38', 39, 'RAJESH T R', 'GMCF, THALAYOLAPARAMBU', 9645504999, 'rajeshtr@gentlemanch', 32, 1, 1, 1),
(39, '39', 40, 'LUKA THOMAS', 'GMCF, THALAYOLAPARAMBU', 9995054084, 'luka.gentleman@gmail', 10, 1, 1, 1),
(40, '40', 41, 'SYAM T S', 'GMCF, THALAYOLAPARAMBU', 9072477999, 'syam.gentlemanchits@', 10, 1, 1, 1),
(41, '41', 42, 'SHIJIMON M K', 'GMCF, THALAYOLAPARAMBU', 9562414515, 'mkshijin@gmail.com', 10, 1, 1, 1),
(42, '42', 43, 'SUNEESH K', 'GMCF, THALAYOLAPARAMBU', 9633464542, 'suneeshgent@gmail.co', 10, 1, 1, 1),
(43, '43', 44, 'AUGUSTIN', 'GMCF, THALAYOLAPARAMBU', 9745493493, '111', 20, 1, 1, 1),
(44, '44', 45, 'ANEESH A S', 'GMCF, THALAYOLAPARAMBU', 9745493493, '111', 20, 1, 1, 1),
(45, '45', 46, 'LALY RAJESH', 'GMCF, THALAYOLAPARAMBU', 9745493493, '111', 20, 1, 1, 1),
(46, '46', 47, 'SUNIMOL K V', 'GMCF, THALAYOLAPARAMBU', 9745493493, '111', 20, 1, 1, 1),
(47, '47', 48, 'SUNNY DEVASSY', 'GMCF, THALAYOLAPARAMBU', 9745493493, '111', 20, 1, 1, 1),
(48, '48', 49, 'DEEPESH', 'GMCF, THALAYOLAPARAMBU', 9745493493, '111', 20, 1, 1, 1),
(49, '49', 50, 'SHANTY', 'GMCF, THALAYOLAPARAMBU', 9745493493, '111', 20, 1, 1, 1),
(50, '50', 51, 'JILJITH JAIMON', 'GMCF, THALAYOLAPARAMBU', 9745493493, '111', 20, 1, 1, 1),
(51, '51', 52, 'ANILKUMAR', 'GMCF, THALAYOLAPARAMBU', 9745493493, '111', 20, 1, 1, 1),
(52, '52', 53, 'SASIKALA P KAMMATH', 'GMCF, THALAYOLAPARAMBU', 9745493493, '111', 20, 1, 1, 1),
(53, '53', 54, 'PRADEEPKUMAR', 'GMCF, THALAYOLAPARAMBU', 9745493493, '111', 20, 1, 1, 1),
(54, '54', 55, 'SETHU BHAI', 'GMCF, THALAYOLAPARAMBU', 9745493493, '111', 20, 1, 1, 1),
(55, '55', 56, 'AKHIL SABU', 'GMCF, THALAYOLAPARAMBU', 9745493493, '111', 20, 1, 1, 1),
(56, '56', 57, 'SAHAJA', 'GMCF, THALAYOLAPARAMBU', 9745493493, '111', 33, 1, 1, 1),
(57, '57', 58, 'KALPANA MANOJ', 'GMCF, CHERTHALA', 8606111194, 'kalpanagman@gmail.co', 15, 2, 1, 1),
(58, '58', 59, 'SILPA K S', 'GMCF, CHERTHALA', 8606111194, 'silpagman@gmail.com', 6, 2, 1, 1),
(59, '59', 60, 'SINDHU SANTHOSH', 'GMCF,CHERTHALA', 8606111194, 'sindhugentlemanchl@g', 16, 2, 1, 1),
(60, '60', 61, 'JAYAKUMAR N', 'GMCF,CHERTHALA', 8606133390, 'jk.gentleman@gmail.c', 11, 2, 1, 1),
(61, '61', 62, 'JIJI RAMAKRISHNAN', 'GMCF,CHERTHALA', 9526333390, 'jijiramgentleman@gma', 10, 2, 1, 1),
(62, '62', 63, 'ASHA RATHEESH', 'GMCF, CHERTHALA', 7561847648, 'asharatheesh.gmchl@g', 10, 2, 1, 1),
(63, '63', 64, 'VINEESH M P', 'GMCF, CHERTHALA', 8606111194, 'vineeshgentlemanchl@', 10, 2, 1, 1),
(64, '64', 65, 'MINI AJAYAN', 'GMCF, CHERTHALA', 8606111194, '222', 20, 2, 1, 1),
(65, '65', 66, 'JYOTHIMOL M', 'GMCF, CHERTHALA', 8606111194, '222', 20, 2, 1, 1),
(66, '66', 67, 'DIVYA V A', 'GMCF, CHERTHALA', 8606111194, '222', 20, 2, 1, 1),
(67, '67', 68, 'ASHAMOL M', 'GMCF, CHERTHALA', 8606111194, '222', 20, 2, 1, 1),
(68, '68', 69, 'SHIBU K J', 'GMCF, CHERTHALA', 8606111194, '222', 20, 2, 1, 1),
(69, '69', 70, 'MANIKUTTY TV', 'GMCF, CHERTHALA', 8606111194, '222', 20, 2, 1, 1),
(70, '70', 71, 'SYAMLAL S', 'GMCF, CHERTHALA', 8606111194, '222', 20, 2, 1, 1),
(71, '71', 72, 'SHIJI S', 'GMCF, CHERTHALA', 8606111194, '222', 20, 2, 1, 1),
(72, '72', 73, 'SARITHA P M', 'GMCF, CHERTHALA', 8606111194, '222', 20, 2, 1, 1),
(73, '73', 74, 'USHUS S', 'GMCF, CHERTHALA', 8606111194, '222', 20, 2, 1, 1),
(74, '74', 75, 'ASWATHY T A', 'GMCF, CHERTHALA', 8606111194, '222', 20, 2, 1, 1),
(75, '75', 76, 'MANOJ K', 'GMCF, CHERTHALA', 9072822999, 'manojkrishnangentlem', 12, 2, 1, 1),
(76, '76', 77, 'SALIM', 'GMCF, CHERTHALA', 8606111194, 'salimkumargentlemanc', 25, 2, 1, 1),
(77, '77', 78, 'SANEESHA PRASANTH', 'GMCF, ERNAKULAM', 8606291515, 'saneeshagentleman@gm', 16, 3, 1, 1),
(78, '78', 79, 'SOJI CHANDRAN', 'GMCF, ERNAKULAM', 8606291515, 'sojigentlemanekm@gma', 11, 3, 1, 1),
(79, '79', 80, 'ARJUNA PAI', 'GMCF, ERNAKULAM', 8606291515, 'arjunapaigentle@gmai', 10, 3, 1, 1),
(80, '80', 81, 'JESSMON VARGHESE', 'GMCF, ERNAKULAM', 8606291515, '333', 20, 3, 1, 1),
(81, '81', 82, 'PRAVEEN PRASAD', 'GMCF, ERNAKULAM', 8606291515, '333', 20, 3, 1, 1),
(82, '82', 83, 'SAJEENATH T H', 'GMCF, ERNAKULAM', 8606291515, '333', 20, 3, 1, 1),
(83, '83', 84, 'JAYAPRAKASH P R', 'GMCF, ERNAKULAM', 8606291515, '333', 20, 3, 1, 1),
(84, '84', 85, 'BINU LOUIS', 'GMCF, ERNAKULAM', 8606291515, '333', 20, 3, 1, 1),
(85, '85', 86, 'MATHEW ALOYSIUS', 'GMCF, ERNAKULAM', 9072822999, 'mathewgentleman@gmai', 12, 3, 1, 1),
(86, '86', 87, 'TENSON VINCENT', 'GMCF, ERNAKULAM', 8606291515, '333', 20, 3, 1, 1),
(87, '87', 88, 'BINOY CHRISTUDAS', 'GMCF, ERNAKULAM', 9072422999, 'binoy.gentleman@gmai', 10, 3, 1, 1),
(88, '88', 89, 'RAJESH BAHULEYAN', 'GMCF, TRIPUNITHURA', 9072242006, 'rajeshbgentleman@gma', 11, 4, 1, 1),
(89, '89', 90, 'JAIMON', 'GMCF, TRIPUNITHURA', 9072242006, 'jaimongentlemanchl@g', 10, 4, 1, 1),
(90, '90', 91, 'SUNIL', 'GMCF, TRIPUNITHURA', 9072242006, '444', 20, 4, 1, 1),
(91, '91', 92, 'SULABHAKUMARI', 'GMCF, TRIPUNITHURA', 9072242006, '444', 20, 4, 1, 1),
(92, '92', 93, 'PAUL V JOHN', 'GMCF, TRIPUNITHURA', 9072242006, '444', 20, 4, 1, 1),
(93, '93', 94, 'SREEJITH C S', 'GMCF, TRIPUNITHURA', 9072242006, '444', 20, 4, 1, 1),
(94, '94', 95, 'DIJIN JOSEPH', 'GMCF, TRIPUNITHURA', 9072242006, '444', 20, 4, 1, 1),
(95, '95', 96, 'BINDHU PRADEEPAN', 'GMCF, TRIPUNITHURA', 9072242006, '444', 20, 4, 1, 1),
(96, '96', 97, 'BINDHU SUNIL', 'GMCF, TRIPUNITHURA', 9072242006, '444', 20, 4, 1, 1),
(97, '97', 98, 'RIJO P J', 'GMCF, ALAPPUZHA', 9539922999, 'rijogentleman@gmail.', 11, 5, 1, 1),
(98, '98', 99, 'REJIMON', 'GMCF, ALAPPUZHA', 9539922999, 'rejimon.gentleman@gm', 10, 5, 1, 1),
(99, '99', 100, 'SHYNI RATHEESH', 'GMCF, ALAPPUZHA', 9539922999, '555', 20, 5, 1, 1),
(100, '100', 101, 'JISHNU S S', 'GMCF, ALAPPUZHA', 9539922999, '555', 20, 5, 1, 1),
(101, '101', 102, 'SAREENA', 'GMCF, ALAPPUZHA', 9539922999, '555', 20, 5, 1, 1),
(102, '102', 103, 'ASWATHY JOMON', 'GMCF, ALAPPUZHA', 9539922999, '555', 20, 5, 1, 1),
(103, '103', 104, 'LOVELY', 'GMCF, ALAPPUZHA', 9539922999, '555', 20, 5, 1, 1),
(104, '104', 105, 'SANDEEP SATHEESAN', 'GMCF, ALAPPUZHA', 9539922999, '555', 20, 5, 1, 1),
(105, '105', 106, 'SANDEEP SABU', 'GMCF, ALAPPUZHA', 9539922999, '555', 20, 5, 1, 1),
(106, '106', 107, 'ARUN KUMAR A', 'GMCF, HARIPPAD', 9846476500, 'arun.gentlemanhpd@gm', 11, 6, 1, 1),
(107, '107', 108, 'SHIBITHA S', 'GMCF, HARIPPAD', 9072295999, '666', 20, 6, 1, 1),
(108, '108', 109, 'MINIMOL M', 'GMCF, HARIPPAD', 9072295999, '666', 20, 6, 1, 1),
(109, '109', 110, 'JOSEPHINE', 'GMCF, HARIPPAD', 9072295999, '666', 20, 6, 1, 1),
(110, '110', 111, 'SANJEEV M', 'GMCF, HARIPPAD', 9072295999, '666', 20, 6, 1, 1),
(111, '111', 112, 'HARIDAS', 'GMCF, ERAMALLOOR', 9544872766, 'haridas.gentleman@gm', 11, 7, 1, 1),
(112, '112', 113, 'BIJU M', 'GMCF, ERAMALLOOR', 9072445999, 'bijugentleman2017@gm', 10, 7, 1, 1),
(113, '113', 114, 'RAHUL RAMESH', 'GMCF, ERAMALLOOR', 9072440999, 'rahulgentlman@gmail.', 10, 7, 1, 1),
(114, '114', 115, 'SREEDEVI V R', 'GMCF, ERAMALLOOR', 9072440999, '777', 20, 7, 1, 1),
(115, '115', 116, 'MAHESH P', 'GMCF, ERAMALLOOR', 9072440999, '777', 20, 7, 1, 1),
(116, '116', 117, 'CHANDRABABU', 'GMCF, ERAMALLOOR', 9072440999, '777', 20, 7, 1, 1),
(117, '117', 118, 'SANIMON P K', 'GMCF, ERAMALLOOR', 9072440999, '777', 20, 7, 1, 1),
(118, '118', 119, 'PRAVEEN BABU', 'GMCF, ERAMALLOOR', 9072440999, '777', 20, 7, 1, 1),
(119, '119', 120, 'JINCE JOSEPH', 'GMCF, ERAMALLOOR', 9072440999, '777', 20, 7, 1, 1),
(120, '120', 121, 'SHIJIMOL K O', 'GMCF, ERAMALLOOR', 9072440999, '777', 20, 7, 1, 1),
(121, '121', 122, 'SYAMKUMAR T V', 'GMCF, ALAPPUZHA', 9072455999, 'syamkumargentleman@g', 17, 5, 1, 1),
(122, '122', 123, 'BINU T VIJAYAN', 'GMCF, ETTUMANOOR', 9072353999, 'binutvijayan@gmail.c', 11, 8, 1, 1),
(123, '123', 124, 'ARUN SADASIVAN', 'GMCF, ETTUMANOOR', 9072877999, 'arunsadasivangentlem', 10, 8, 1, 1),
(124, '124', 125, 'HARIKRISHNAN', 'GMCF, ETTUMANOOR', 9072877999, '888', 20, 8, 1, 1),
(125, '125', 126, 'ATHUL', 'GMCF, ETTUMANOOR', 9072877999, '888', 20, 8, 1, 1),
(126, '126', 127, 'BIVIN M R', 'GMCF, ETTUMANOOR', 9072877999, '888', 20, 8, 1, 1),
(127, '127', 128, 'Ajeesh Varghese', 'GMCF, ETTUMANOOR', 9072877999, '888', 20, 8, 1, 1),
(128, '128', 129, 'Samson Francis', 'GMCF, ETTUMANOOR', 9072877999, '888', 20, 8, 1, 1),
(129, '129', 130, 'Abhijith Saji', 'GMCF, ETTUMANOOR', 9072877999, '888', 20, 8, 1, 1),
(130, '130', 131, 'DEVAN MUKUNDAN', 'GMCF, KAYAMKULAM', 8921063088, 'mdevan@gentlemanchit', 10, 9, 1, 1),
(131, '131', 132, 'SUJATHA P', 'GMCF, KAYAMKULAM', 9072334999, '999', 20, 9, 1, 1),
(132, '132', 133, 'ALBERT SUNNY', 'GMCF, KAYAMKULAM', 9072334999, '999', 20, 9, 1, 1),
(133, '133', 134, 'SATHIYAMMA', 'GMCF, KAYAMKULAM', 9072334999, '999', 20, 9, 1, 1),
(134, '134', 135, 'MADHUSOODHANAN', 'GMCF, KAYAMKULAM', 9072334999, '999', 33, 9, 1, 1),
(135, '135', 136, 'JIJU JACOB', 'GMCF, KAYAMKULAM', 9072334999, '999', 20, 9, 1, 1),
(136, '136', 137, 'ANEESH  S', 'GMCF, KAYAMKULAM', 9072395999, 'anish77gentleman@gma', 10, 10, 1, 1),
(137, '137', 138, 'MAYA VINOD', 'GMCF, MAVELIKKARA', 9072395999, '1010', 20, 10, 1, 1),
(138, '138', 139, 'JOMOL ALBERT', 'GMCF, MAVELIKKARA', 9072395999, '1010', 20, 10, 1, 1),
(139, '139', 140, 'RAHUL K S', 'GMCF, MAVELIKKARA', 9072395999, '1010', 20, 10, 1, 1),
(140, '140', 141, 'RENJITH RAJ', 'GMCF, MAVELIKKARA', 9072395999, '1010', 20, 10, 1, 1),
(141, '141', 142, 'PRASAD S', 'GMCF, THALAYOLAPARAMBU', 8606261515, 'prasad.s.gentleman@g', 17, 1, 1, 1),
(142, '142', 143, 'joby', 'sadsadsdfsdf', 9048048024, 'joby@edathara', 3, 8, 1, 1),
(143, '143', 144, 'Test', 'gentleman', 8129455635, 'gentleman@gmail.com', 3, 1, 1, 1),
(144, '144', 145, 'test1', 'Test', 8129455635, 'gentleman@gmail.com', 2, 1, 1, 1),
(145, '145', 146, 'test3', 'Test3', 8129455635, 'vvmidhun55@gmail.com', 4, 1, 1, 1),
(146, '146', 147, 'Midhun', 'test4', 8129455635, 'vvmidhun55@gmail.com', 1, 1, 1, 1),
(147, '147', 148, 'Midhun', 'Test5', 812945233, 'gentleman@gmail.com', 5, 1, 1, 1),
(148, '148', 149, 'Midhun', 'test6', 81556652, 'gentleman@gmail.com', 6, 1, 1, 0),
(156, '149', 157, 'DFRTy', 'sdf', 852152, 'a@gmail.com', 12, 4, 1, 0),
(157, '150', 158, 'o0000', 'ihokn,m', 852152, 'a@gmail.com', 18, 2, 1, 0),
(158, '151', 159, 'test', 'abc', 9567830919, 'ajnaznaz123@gmail.co', 28, 5, 1, 1),
(159, '152', 160, 'test', 'abcd', 9567830919, 'ajnaznaz123@gmail.co', 32, 10, 1, 1),
(160, '153', 162, 'test', 'asade', 9567830919, 'ajnaznaz123@gmail.co', 19, 10, 1, 1),
(161, '154', 163, 'aju', 'abcd', 9567830919, 'ajnaznaz123@gmail.co', 4, 9, 1, 0),
(162, '155', 164, 'dfdsw', 'sdfgsgf', 9567830919, 'ajnznaz123@gmail.com', 14, 2, 1, 0);

-- --------------------------------------------------------

--
-- Table structure for table `tbl_vendor`
--

DROP TABLE IF EXISTS `tbl_vendor`;
CREATE TABLE IF NOT EXISTS `tbl_vendor` (
  `vendor_id` int(11) NOT NULL AUTO_INCREMENT,
  `vendorname` varchar(20) NOT NULL,
  `vendoraddress` varchar(50) NOT NULL,
  `vendorphone` varchar(15) NOT NULL,
  `vendoremail` varchar(20) NOT NULL,
  `vendorstate` varchar(20) NOT NULL,
  `vendor_stcode` varchar(20) NOT NULL,
  `vendorgst` varchar(20) NOT NULL,
  `vendorpan` varchar(20) NOT NULL,
  `paid_amount` bigint(20) NOT NULL,
  `vendorstatus` int(11) NOT NULL,
  PRIMARY KEY (`vendor_id`)
) ENGINE=MyISAM AUTO_INCREMENT=6 DEFAULT CHARSET=latin1;

--
-- Dumping data for table `tbl_vendor`
--

INSERT INTO `tbl_vendor` (`vendor_id`, `vendorname`, `vendoraddress`, `vendorphone`, `vendoremail`, `vendorstate`, `vendor_stcode`, `vendorgst`, `vendorpan`, `paid_amount`, `vendorstatus`) VALUES
(1, 'Midhun', '  Kerala,Kannur', '8129455635', 'vvmidhun55@gmail.com', 'kerala', '10', 'GS12568', '8020515251', 0, 1),
(2, 'Test', '  Test', '8129455635', 'vvmidhun55@gmail.com', 'kerala', '11', 'GS12569', '8020515251', 1230, 1),
(3, 'Pk RD', 'Eranaklm', '8129455635', 'vvmidhun55@gmail.com', 'kerala', '11', 'GS12575', '80205152596', 0, 1),
(4, 'Wahy', ' Eranakulam   ', '9633188631', 'vvmidhun55@gmail.com', 'kerala', '1020', '20302', '7895632', 0, 1),
(5, 'asfdas', 'dasfafd', '956554', 'fafafaff', 'saf', 'asfdaf', '4567', 'afasf', 0, 0);

-- --------------------------------------------------------

--
-- Table structure for table `tbl_vendor_payment`
--

DROP TABLE IF EXISTS `tbl_vendor_payment`;
CREATE TABLE IF NOT EXISTS `tbl_vendor_payment` (
  `id` int(11) NOT NULL AUTO_INCREMENT,
  `vendor_id_fk` int(11) NOT NULL,
  `date` varchar(20) NOT NULL,
  `payment` bigint(20) NOT NULL,
  `total_at` bigint(10) NOT NULL,
  `status` int(11) NOT NULL,
  PRIMARY KEY (`id`)
) ENGINE=MyISAM AUTO_INCREMENT=4 DEFAULT CHARSET=latin1;

--
-- Dumping data for table `tbl_vendor_payment`
--

INSERT INTO `tbl_vendor_payment` (`id`, `vendor_id_fk`, `date`, `payment`, `total_at`, `status`) VALUES
(1, 2, '2020-10-13', 400, 1230, 1),
(2, 2, '2020-10-13', 830, 1230, 1);

-- --------------------------------------------------------

--
-- Table structure for table `user_history`
--

DROP TABLE IF EXISTS `user_history`;
CREATE TABLE IF NOT EXISTS `user_history` (
  `id` int(11) NOT NULL AUTO_INCREMENT,
  `user_id` int(11) NOT NULL,
  `operation` varchar(100) NOT NULL,
  `login_id` int(11) DEFAULT NULL,
  `user_type` varchar(100) DEFAULT NULL,
  `date` date NOT NULL,
  PRIMARY KEY (`id`)
) ENGINE=InnoDB AUTO_INCREMENT=24 DEFAULT CHARSET=latin1;

--
-- Dumping data for table `user_history`
--

INSERT INTO `user_history` (`id`, `user_id`, `operation`, `login_id`, `user_type`, `date`) VALUES
(1, 161, 'Changed User Type', 1, 'S', '2020-10-14'),
(2, 142, 'Changed User Type', 1, 'Su', '2020-10-14'),
(3, 142, 'Changed User Type', 1, 'Su', '2020-10-14'),
(4, 161, 'Changed User Type', 1, 'Su', '2020-10-15'),
(5, 161, 'Changed User Type', 1, 'S', '2020-10-15'),
(6, 142, 'Changed User Type', 1, 'S', '2020-10-15'),
(7, 142, 'Changed User Type', 1, 'Su', '2020-10-15'),
(8, 161, 'Changed User Type', 1, 'Su', '2020-10-15'),
(9, 163, 'Created', 1, 'S', '2020-10-15'),
(10, 162, 'Changed User Type', 1, 'Su', '2020-10-15'),
(11, 163, 'Modified', 1, 'S', '2020-10-15'),
(12, 164, 'Created', 1, 'S', '2020-10-15'),
(13, 163, 'Changed User Type', 1, 'S', '2020-10-16'),
(14, 163, 'Changed User Type', 1, 'Su', '2020-10-16'),
(15, 162, 'Changed User Type', 1, 'S', '2020-10-16'),
(16, 163, 'Changed User Type', 1, 'A', '2020-10-16'),
(17, 163, 'Changed User Type', 1, 'Su', '2020-10-16'),
(18, 163, 'Changed User Type', 1, 'Su', '2020-10-16'),
(19, 164, 'Modified', 1, 'Su', '2020-10-16'),
(20, 163, 'Changed User Type', 1, 'S', '2020-10-16'),
(21, 163, 'Changed User Type', 1, 'S', '2020-10-16'),
(22, 163, 'Changed User Type', 1, 'S', '2020-10-16'),
(23, 163, 'Changed User Type', 1, 'S', '2020-10-16');
COMMIT;

/*!40101 SET CHARACTER_SET_CLIENT=@OLD_CHARACTER_SET_CLIENT */;
/*!40101 SET CHARACTER_SET_RESULTS=@OLD_CHARACTER_SET_RESULTS */;
/*!40101 SET COLLATION_CONNECTION=@OLD_COLLATION_CONNECTION */;
